2026-08-06T17:26:10, 00:10:36, 3184, Nobody, log, 0, 67, 0, 0, 0, 0, 0, [], ERROR, 0, 0, 0, 0, 0, 0, 0, 0, 0, 0, 0, 0, 0, 0, 0, fwd, SPEED, DRIVER_RUNNING, 0, 20, 15, 1
2026-08-06T17:26:11, 00:10:37, 3185, Nobody, log, 0, 67, 0, 0, 0, 0, 0, [], ERROR, 0, 0, 0, 0, 0, 0, 0, 0, 0, 0, 0, 0, 0, 0, 0, fwd, SPEED, DRIVER_RUNNING, 0, 20, 15, 1
2026-08-06T17:26:12, 00:10:38, 3186, Nobody, log, 0, 67, 0, 0, 0, 0, 0, [], ERROR, 0, 0, 0, 0, 0, 0, 0, 0, 0, 0, 0, 0, 0, 0, 0, fwd, SPEED, DRIVER_RUNNING, 0, 20, 15, 1
2026-08-06T17:26:13, 00:10:39, 3186, Nobody, log, 0, 67, 0, 0, 0, 0, 0, [], ERROR, 0, 0, 0, 0, 0, 0, 0, 0, 0, 0, 0, 0, 0, 0, 0, fwd, SPEED, DRIVER_RUNNING, 0, 20, 15, 1
2026-08-06T17:26:14, 00:10:40, 3188, Nobody, log, 0, 67, 0, 0, 0, 0, 0, [], ERROR, 0, 0, 0, 0, 0, 0, 0, 0, 0, 0, 0, 0, 0, 0, 0, fwd, SPEED, DRIVER_RUNNING, 0, 20, 15, 1
2026-08-06T17:26:15, 00:10:41, 3189, Nobody, log, 0, 67, 0, 0, 0, 0, 0, [], ERROR, 0, 0, 0, 0, 0, 0, 0, 0, 0, 0, 0, 0, 0, 0, 0, fwd, SPEED, DRIVER_RUNNING, 0, 20, 15, 1
2026-08-06T17:26:16, 00:10:42, 3190, Nobody, log, 0, 67, 0, 0, 0, 0, 0, [], ERROR, 0, 0, 0, 0, 0, 0, 0, 0, 0, 0, 0, 0, 0, 0, 0, fwd, SPEED, DRIVER_RUNNING, 0, 20, 15, 1
2026-08-06T17:26:17, 00:10:43, 3191, Nobody, log, 0, 67, 0, 0, 0, 0, 0, [], ERROR, 0, 0, 0, 0, 0, 0, 0, 0, 0, 0, 0, 0, 0, 0, 0, fwd, SPEED, DRIVER_RUNNING, 0, 20, 15, 1
2026-08-06T17:26:18, 00:10:44, 3193, Nobody, log, 0, 67, 0, 0, 0, 0, 0, [], ERROR, 0, 0, 0, 0, 0, 0, 0, 0, 0, 0, 0, 0, 0, 0, 0, fwd, SPEED, DRIVER_RUNNING, 0, 20, 15, 1
2026-08-06T17:26:19, 00:10:45, 3195, Nobody, log, 0, 67, 0, 0, 0, 0, 0, [], ERROR, 0, 0, 0, 0, 0, 0, 0, 0, 0, 0, 0, 0, 0, 0, 0, fwd, SPEED, DRIVER_RUNNING, 0, 20, 15, 1
2026-08-06T17:26:20, 00:10:46, 3197, Nobody, log, 0, 67, 0, 0, 0, 0, 0, [], ERROR, 0, 0, 0, 0, 0, 0, 0, 0, 0, 0, 0, 0, 0, 0, 0, fwd, SPEED, DRIVER_RUNNING, 0, 20, 15, 1
2026-08-06T17:26:21, 00:10:47, 3199, Nobody, log, 0, 67, 0, 0, 0, 0, 0, [], ERROR, 0, 0, 0, 0, 0, 0, 0, 0, 0, 0, 0, 0, 0, 0, 0, fwd, SPEED, DRIVER_RUNNING, 0, 20, 15, 1
2026-08-06T17:26:22, 00:10:48, 3201, Nobody, log, 0, 67, 0, 0, 0, 0, 0, [], ERROR, 0, 0, 0, 0, 0, 0, 0, 0, 0, 0, 0, 0, 0, 0, 0, fwd, SPEED, DRIVER_RUNNING, 0, 20, 15, 1
2026-08-06T17:26:23, 00:10:49, 3202, Nobody, log, 0, 67, 0, 0, 0, 0, 0, [], ERROR, 0, 0, 0, 0, 0, 0, 0, 0, 0, 0, 0, 0, 0, 0, 0, fwd, SPEED, DRIVER_RUNNING, 0, 20, 15, 1
2026-08-06T17:26:24, 00:10:50, 3204, Nobody, log, 0, 67, 0, 0, 0, 0, 0, [], ERROR, 0, 0, 0, 0, 0, 0, 0, 0, 0, 0, 0, 0, 0, 0, 0, fwd, SPEED, DRIVER_RUNNING, 0, 20, 15, 1
2026-08-06T17:26:25, 00:10:51, 3205, Nobody, log, 0, 67, 0, 0, 0, 0, 0, [], ERROR, 0, 0, 0, 0, 0, 0, 0, 0, 0, 0, 0, 0, 0, 0, 0, fwd, SPEED, DRIVER_RUNNING, 0, 20, 15, 1
2026-08-06T17:26:26, 00:10:52, 3207, Nobody, log, 0, 67, 0, 0, 0, 0, 0, [], ERROR, 0, 0, 0, 0, 0, 0, 0, 0, 0, 0, 0, 0, 0, 0, 0, fwd, SPEED, DRIVER_RUNNING, 0, 20, 15, 1
2026-08-06T17:26:27, 00:10:53, 3209, Nobody, log, 0, 67, 0, 0, 0, 0, 0, [], ERROR, 0, 0, 0, 0, 0, 0, 0, 0, 0, 0, 0, 0, 0, 0, 0, fwd, SPEED, DRIVER_RUNNING, 0, 20, 15, 1
2026-08-06T17:26:28, 00:10:54, 3211, Nobody, log, 0, 67, 0, 0, 0, 0, 0, [], ERROR, 0, 0, 0, 0, 0, 0, 0, 0, 0, 0, 0, 0, 0, 0, 0, fwd, SPEED, DRIVER_RUNNING, 0, 20, 15, 1
2026-08-06T17:26:29, 00:10:55, 3213, Nobody, log, 0, 67, 0, 0, 0, 0, 0, [], ERROR, 0, 0, 0, 0, 0, 0, 0, 0, 0, 0, 0, 0, 0, 0, 0, fwd, SPEED, DRIVER_RUNNING, 0, 20, 15, 1
2026-08-06T17:26:31, 00:10:57, 3215, Nobody, log, 0, 67, 0, 0, 0, 0, 0, [], ERROR, 0, 0, 0, 0, 0, 0, 0, 0, 0, 0, 0, 0, 0, 0, 0, fwd, SPEED, DRIVER_RUNNING, 0, 20, 15, 1
2026-08-06T17:26:32, 00:10:58, 3216, Nobody, log, 0, 67, 0, 0, 0, 0, 0, [], ERROR, 0, 0, 0, 0, 0, 0, 0, 0, 0, 0, 0, 0, 0, 0, 0, fwd, SPEED, DRIVER_RUNNING, 0, 20, 15, 1
2026-08-06T17:26:33, 00:10:59, 3217, Nobody, log, 0, 67, 0, 0, 0, 0, 0, [], ERROR, 0, 0, 0, 0, 0, 0, 0, 0, 0, 0, 0, 0, 0, 0, 0, fwd, SPEED, DRIVER_RUNNING, 0, 20, 15, 1
2026-08-06T17:26:34, 00:11:00, 3219, Nobody, log, 0, 67, 0, 0, 0, 0, 0, [], ERROR, 0, 0, 0, 0, 0, 0, 0, 0, 0, 0, 0, 0, 0, 0, 0, fwd, SPEED, DRIVER_RUNNING, 0, 20, 15, 1
2026-08-06T17:26:35, 00:11:01, 3221, Nobody, log, 0, 67, 0, 0, 0, 0, 0, [], ERROR, 0, 0, 0, 0, 0, 0, 0, 0, 0, 0, 0, 0, 0, 0, 0, fwd, SPEED, DRIVER_RUNNING, 0, 20, 15, 1
2026-08-06T17:26:36, 00:11:02, 3222, Nobody, log, 0, 67, 0, 0, 0, 0, 0, [], ERROR, 0, 0, 0, 0, 0, 0, 0, 0, 0, 0, 0, 0, 0, 0, 0, fwd, SPEED, DRIVER_RUNNING, 0, 20, 15, 1
2026-08-06T17:26:37, 00:11:03, 3224, Nobody, log, 0, 67, 0, 0, 0, 0, 0, [], ERROR, 0, 0, 0, 0, 0, 0, 0, 0, 0, 0, 0, 0, 0, 0, 0, fwd, SPEED, DRIVER_RUNNING, 0, 20, 15, 1
2026-08-06T17:26:38, 00:11:04, 3225, Nobody, log, 0, 67, 0, 0, 0, 0, 0, [], ERROR, 0, 0, 0, 0, 0, 0, 0, 0, 0, 0, 0, 0, 0, 0, 0, fwd, SPEED, DRIVER_RUNNING, 0, 20, 15, 1
2026-08-06T17:26:39, 00:11:05, 3227, Nobody, log, 0, 67, 0, 0, 0, 0, 0, [], ERROR, 0, 0, 0, 0, 0, 0, 0, 0, 0, 0, 0, 0, 0, 0, 0, fwd, SPEED, DRIVER_RUNNING, 0, 20, 15, 1
2026-08-06T17:26:40, 00:11:06, 3230, Nobody, log, 0, 67, 0, 0, 0, 0, 0, [], ERROR, 0, 0, 0, 0, 0, 0, 0, 0, 0, 0, 0, 0, 0, 0, 0, fwd, SPEED, DRIVER_RUNNING, 0, 20, 15, 1
2026-08-06T17:26:41, 00:11:07, 3231, Nobody, log, 0, 67, 0, 0, 0, 0, 0, [], ERROR, 0, 0, 0, 0, 0, 0, 0, 0, 0, 0, 0, 0, 0, 0, 0, fwd, SPEED, DRIVER_RUNNING, 0, 20, 15, 1
2026-08-06T17:26:42, 00:11:08, 3233, Nobody, log, 0, 67, 0, 0, 0, 0, 0, [], ERROR, 0, 0, 0, 0, 0, 0, 0, 0, 0, 0, 0, 0, 0, 0, 0, fwd, SPEED, DRIVER_RUNNING, 0, 20, 15, 1
2026-08-06T17:26:43, 00:11:09, 3235, Nobody, log, 0, 67, 0, 0, 0, 0, 0, [], ERROR, 0, 0, 0, 0, 0, 0, 0, 0, 0, 0, 0, 0, 0, 0, 0, fwd, SPEED, DRIVER_RUNNING, 0, 20, 15, 1
2026-08-06T17:26:44, 00:11:10, 3237, Nobody, log, 0, 67, 0, 0, 0, 0, 0, [], ERROR, 0, 0, 0, 0, 0, 0, 0, 0, 0, 0, 0, 0, 0, 0, 0, fwd, SPEED, DRIVER_RUNNING, 0, 20, 15, 1
2026-08-06T17:26:45, 00:11:11, 3237, Nobody, log, 0, 67, 0, 0, 0, 0, 0, [], ERROR, 0, 0, 0, 0, 0, 0, 0, 0, 0, 0, 0, 0, 0, 0, 0, fwd, SPEED, DRIVER_RUNNING, 0, 20, 15, 1
2026-08-06T17:26:46, 00:11:12, 3240, Nobody, log, 0, 67, 0, 0, 0, 0, 0, [], ERROR, 0, 0, 0, 0, 0, 0, 0, 0, 0, 0, 0, 0, 0, 0, 0, fwd, SPEED, DRIVER_RUNNING, 0, 20, 15, 1
2026-08-06T17:26:47, 00:11:13, 3241, Nobody, log, 0, 67, 0, 0, 0, 0, 0, [], ERROR, 0, 0, 0, 0, 0, 0, 0, 0, 0, 0, 0, 0, 0, 0, 0, fwd, SPEED, DRIVER_RUNNING, 0, 20, 15, 1
2026-08-06T17:26:48, 00:11:14, 3243, Nobody, log, 0, 67, 0, 0, 0, 0, 0, [], ERROR, 0, 0, 0, 0, 0, 0, 0, 0, 0, 0, 0, 0, 0, 0, 0, fwd, SPEED, DRIVER_RUNNING, 0, 20, 15, 1
2026-08-06T17:26:49, 00:11:15, 3244, Nobody, log, 0, 67, 0, 0, 0, 0, 0, [], ERROR, 0, 0, 0, 0, 0, 0, 0, 0, 0, 0, 0, 0, 0, 0, 0, fwd, SPEED, DRIVER_RUNNING, 0, 20, 15, 1
2026-08-06T17:26:50, 00:11:16, 3247, Nobody, log, 0, 67, 0, 0, 0, 0, 0, [], ERROR, 0, 0, 0, 0, 0, 0, 0, 0, 0, 0, 0, 0, 0, 0, 0, fwd, SPEED, DRIVER_RUNNING, 0, 20, 15, 1
2026-08-06T17:26:51, 00:11:17, 3249, Nobody, log, 0, 67, 0, 0, 0, 0, 0, [], ERROR, 0, 0, 0, 0, 0, 0, 0, 0, 0, 0, 0, 0, 0, 0, 0, fwd, SPEED, DRIVER_RUNNING, 0, 20, 15, 1
2026-08-06T17:26:53, 00:11:19, 3251, Nobody, log, 0, 67, 0, 0, 0, 0, 0, [], ERROR, 0, 0, 0, 0, 0, 0, 0, 0, 0, 0, 0, 0, 0, 0, 0, fwd, SPEED, DRIVER_RUNNING, 0, 20, 15, 1
2026-08-06T17:26:54, 00:11:20, 3252, Nobody, log, 0, 67, 0, 0, 0, 0, 0, [], ERROR, 0, 0, 0, 0, 0, 0, 0, 0, 0, 0, 0, 0, 0, 0, 0, fwd, SPEED, DRIVER_RUNNING, 0, 20, 15, 1
2026-08-06T17:26:55, 00:11:21, 3254, Nobody, log, 0, 67, 0, 0, 0, 0, 0, [], ERROR, 0, 0, 0, 0, 0, 0, 0, 0, 0, 0, 0, 0, 0, 0, 0, fwd, SPEED, DRIVER_RUNNING, 0, 20, 15, 1
2026-08-06T17:26:56, 00:11:22, 3256, Nobody, log, 0, 67, 0, 0, 0, 0, 0, [], ERROR, 0, 0, 0, 0, 0, 0, 0, 0, 0, 0, 0, 0, 0, 0, 0, fwd, SPEED, DRIVER_RUNNING, 0, 20, 15, 1
2026-08-06T17:26:57, 00:11:23, 3258, Nobody, log, 0, 67, 0, 0, 0, 0, 0, [], ERROR, 0, 0, 0, 0, 0, 0, 0, 0, 0, 0, 0, 0, 0, 0, 0, fwd, SPEED, DRIVER_RUNNING, 0, 20, 15, 1
2026-08-06T17:26:58, 00:11:24, 3260, Nobody, log, 0, 67, 0, 0, 0, 0, 0, [], ERROR, 0, 0, 0, 0, 0, 0, 0, 0, 0, 0, 0, 0, 0, 0, 0, fwd, SPEED, DRIVER_RUNNING, 0, 20, 15, 1
2026-08-06T17:26:59, 00:11:25, 3263, Nobody, log, 0, 67, 0, 0, 0, 0, 0, [], ERROR, 0, 0, 0, 0, 0, 0, 0, 0, 0, 0, 0, 0, 0, 0, 0, fwd, SPEED, DRIVER_RUNNING, 0, 20, 15, 1
2026-08-06T17:27:00, 00:11:26, 3265, Nobody, log, 0, 67, 0, 0, 0, 0, 0, [], ERROR, 0, 0, 0, 0, 0, 0, 0, 0, 0, 0, 0, 0, 0, 0, 0, fwd, SPEED, DRIVER_RUNNING, 0, 20, 15, 1
2026-08-06T17:27:01, 00:11:27, 3266, Nobody, log, 0, 67, 0, 0, 0, 0, 0, [], ERROR, 0, 0, 0, 0, 0, 0, 0, 0, 0, 0, 0, 0, 0, 0, 0, fwd, SPEED, DRIVER_RUNNING, 0, 20, 15, 1
2026-08-06T17:27:02, 00:11:28, 3267, Nobody, log, 0, 67, 0, 0, 0, 0, 0, [], ERROR, 0, 0, 0, 0, 0, 0, 0, 0, 0, 0, 0, 0, 0, 0, 0, fwd, SPEED, DRIVER_RUNNING, 0, 20, 15, 1
2026-08-06T17:27:03, 00:11:29, 3269, Nobody, log, 0, 67, 0, 0, 0, 0, 0, [], ERROR, 0, 0, 0, 0, 0, 0, 0, 0, 0, 0, 0, 0, 0, 0, 0, fwd, SPEED, DRIVER_RUNNING, 0, 20, 15, 1
2026-08-06T17:27:04, 00:11:30, 3271, Nobody, log, 0, 67, 0, 0, 0, 0, 0, [], ERROR, 0, 0, 0, 0, 0, 0, 0, 0, 0, 0, 0, 0, 0, 0, 0, fwd, SPEED, DRIVER_RUNNING, 0, 20, 15, 1
2026-08-06T17:27:05, 00:11:31, 3273, Nobody, log, 0, 67, 0, 0, 0, 0, 0, [], ERROR, 0, 0, 0, 0, 0, 0, 0, 0, 0, 0, 0, 0, 0, 0, 0, fwd, SPEED, DRIVER_RUNNING, 0, 20, 15, 1
2026-08-06T17:27:06, 00:11:32, 3275, Nobody, log, 0, 67, 0, 0, 0, 0, 0, [], ERROR, 0, 0, 0, 0, 0, 0, 0, 0, 0, 0, 0, 0, 0, 0, 0, fwd, SPEED, DRIVER_RUNNING, 0, 20, 15, 1
2026-08-06T17:27:07, 00:11:33, 3277, Nobody, log, 0, 67, 0, 0, 0, 0, 0, [], ERROR, 0, 0, 0, 0, 0, 0, 0, 0, 0, 0, 0, 0, 0, 0, 0, fwd, SPEED, DRIVER_RUNNING, 0, 20, 15, 1
2026-08-06T17:27:08, 00:11:34, 3278, Nobody, log, 0, 67, 0, 0, 0, 0, 0, [], ERROR, 0, 0, 0, 0, 0, 0, 0, 0, 0, 0, 0, 0, 0, 0, 0, fwd, SPEED, DRIVER_RUNNING, 0, 20, 15, 1
2026-08-06T17:27:09, 00:11:35, 3280, Nobody, log, 0, 67, 0, 0, 0, 0, 0, [], ERROR, 0, 0, 0, 0, 0, 0, 0, 0, 0, 0, 0, 0, 0, 0, 0, fwd, SPEED, DRIVER_RUNNING, 0, 20, 15, 1
2026-08-06T17:27:10, 00:11:36, 3281, Nobody, log, 0, 67, 0, 0, 0, 0, 0, [], ERROR, 0, 0, 0, 0, 0, 0, 0, 0, 0, 0, 0, 0, 0, 0, 0, fwd, SPEED, DRIVER_RUNNING, 0, 20, 15, 1
2026-08-06T17:27:11, 00:11:37, 3282, Nobody, log, 0, 67, 0, 0, 0, 0, 0, [], ERROR, 0, 0, 0, 0, 0, 0, 0, 0, 0, 0, 0, 0, 0, 0, 0, fwd, SPEED, DRIVER_RUNNING, 0, 20, 15, 1
2026-08-06T17:27:13, 00:11:39, 3284, Nobody, log, 0, 67, 0, 0, 0, 0, 0, [], ERROR, 0, 0, 0, 0, 0, 0, 0, 0, 0, 0, 0, 0, 0, 0, 0, fwd, SPEED, DRIVER_RUNNING, 0, 20, 15, 1
2026-08-06T17:27:14, 00:11:40, 3285, Nobody, log, 0, 67, 0, 0, 0, 0, 0, [], ERROR, 0, 0, 0, 0, 0, 0, 0, 0, 0, 0, 0, 0, 0, 0, 0, fwd, SPEED, DRIVER_RUNNING, 0, 20, 15, 1
2026-08-06T17:27:15, 00:11:41, 3287, Nobody, log, 0, 67, 0, 0, 0, 0, 0, [], ERROR, 0, 0, 0, 0, 0, 0, 0, 0, 0, 0, 0, 0, 0, 0, 0, fwd, SPEED, DRIVER_RUNNING, 0, 20, 15, 1
2026-08-06T17:27:16, 00:11:42, 3289, Nobody, log, 0, 67, 0, 0, 0, 0, 0, [], ERROR, 0, 0, 0, 0, 0, 0, 0, 0, 0, 0, 0, 0, 0, 0, 0, fwd, SPEED, DRIVER_RUNNING, 0, 20, 15, 1
2026-08-06T17:27:17, 00:11:43, 3291, Nobody, log, 0, 67, 0, 0, 0, 0, 0, [], ERROR, 0, 0, 0, 0, 0, 0, 0, 0, 0, 0, 0, 0, 0, 0, 0, fwd, SPEED, DRIVER_RUNNING, 0, 20, 15, 1
2026-08-06T17:27:18, 00:11:44, 3294, Nobody, log, 0, 67, 0, 0, 0, 0, 0, [], ERROR, 0, 0, 0, 0, 0, 0, 0, 0, 0, 0, 0, 0, 0, 0, 0, fwd, SPEED, DRIVER_RUNNING, 0, 20, 15, 1
2026-08-06T17:27:19, 00:11:45, 3295, Nobody, log, 0, 67, 0, 0, 0, 0, 0, [], ERROR, 0, 0, 0, 0, 0, 0, 0, 0, 0, 0, 0, 0, 0, 0, 0, fwd, SPEED, DRIVER_RUNNING, 0, 20, 15, 1
2026-08-06T17:27:20, 00:11:46, 3296, Nobody, log, 0, 67, 0, 0, 0, 0, 0, [], ERROR, 0, 0, 0, 0, 0, 0, 0, 0, 0, 0, 0, 0, 0, 0, 0, fwd, SPEED, DRIVER_RUNNING, 0, 20, 15, 1
2026-08-06T17:27:21, 00:11:47, 3298, Nobody, log, 0, 67, 0, 0, 0, 0, 0, [], ERROR, 0, 0, 0, 0, 0, 0, 0, 0, 0, 0, 0, 0, 0, 0, 0, fwd, SPEED, DRIVER_RUNNING, 0, 20, 15, 1
2026-08-06T17:27:22, 00:11:48, 3299, Nobody, log, 0, 67, 0, 0, 0, 0, 0, [], ERROR, 0, 0, 0, 0, 0, 0, 0, 0, 0, 0, 0, 0, 0, 0, 0, fwd, SPEED, DRIVER_RUNNING, 0, 20, 15, 1
2026-08-06T17:27:23, 00:11:49, 3301, Nobody, log, 0, 67, 0, 0, 0, 0, 0, [], ERROR, 0, 0, 0, 0, 0, 0, 0, 0, 0, 0, 0, 0, 0, 0, 0, fwd, SPEED, DRIVER_RUNNING, 0, 20, 15, 1
2026-08-06T17:27:24, 00:11:50, 3303, Nobody, log, 0, 67, 0, 0, 0, 0, 0, [], ERROR, 0, 0, 0, 0, 0, 0, 0, 0, 0, 0, 0, 0, 0, 0, 0, fwd, SPEED, DRIVER_RUNNING, 0, 20, 15, 1
2026-08-06T17:27:25, 00:11:51, 3305, Nobody, log, 0, 67, 0, 0, 0, 0, 0, [], ERROR, 0, 0, 0, 0, 0, 0, 0, 0, 0, 0, 0, 0, 0, 0, 0, fwd, SPEED, DRIVER_RUNNING, 0, 20, 15, 1
2026-08-06T17:27:26, 00:11:52, 3306, Nobody, log, 0, 67, 0, 0, 0, 0, 0, [], ERROR, 0, 0, 0, 0, 0, 0, 0, 0, 0, 0, 0, 0, 0, 0, 0, fwd, SPEED, DRIVER_RUNNING, 0, 20, 15, 1
2026-08-06T17:27:27, 00:11:53, 3308, Nobody, log, 0, 67, 0, 0, 0, 0, 0, [], ERROR, 0, 0, 0, 0, 0, 0, 0, 0, 0, 0, 0, 0, 0, 0, 0, fwd, SPEED, DRIVER_RUNNING, 0, 20, 15, 1
2026-08-06T17:27:28, 00:11:54, 3310, Nobody, log, 0, 67, 0, 0, 0, 0, 0, [], ERROR, 0, 0, 0, 0, 0, 0, 0, 0, 0, 0, 0, 0, 0, 0, 0, fwd, SPEED, DRIVER_RUNNING, 0, 20, 15, 1
2026-08-06T17:27:29, 00:11:55, 3311, Nobody, log, 0, 67, 0, 0, 0, 0, 0, [], ERROR, 0, 0, 0, 0, 0, 0, 0, 0, 0, 0, 0, 0, 0, 0, 0, fwd, SPEED, DRIVER_RUNNING, 0, 20, 15, 1
2026-08-06T17:27:30, 00:11:56, 3313, Nobody, log, 0, 67, 0, 0, 0, 0, 0, [], ERROR, 0, 0, 0, 0, 0, 0, 0, 0, 0, 0, 0, 0, 0, 0, 0, fwd, SPEED, DRIVER_RUNNING, 0, 20, 15, 1
2026-08-06T17:27:31, 00:11:57, 3315, Nobody, log, 0, 67, 0, 0, 0, 0, 0, [], ERROR, 0, 0, 0, 0, 0, 0, 0, 0, 0, 0, 0, 0, 0, 0, 0, fwd, SPEED, DRIVER_RUNNING, 0, 20, 15, 1
2026-08-06T17:27:33, 00:11:59, 3316, Nobody, log, 0, 67, 0, 0, 0, 0, 0, [], ERROR, 0, 0, 0, 0, 0, 0, 0, 0, 0, 0, 0, 0, 0, 0, 0, fwd, SPEED, DRIVER_RUNNING, 0, 20, 15, 1
2026-08-06T17:27:34, 00:12:00, 3318, Nobody, log, 0, 67, 0, 0, 0, 0, 0, [], ERROR, 0, 0, 0, 0, 0, 0, 0, 0, 0, 0, 0, 0, 0, 0, 0, fwd, SPEED, DRIVER_RUNNING, 0, 20, 15, 1
2026-08-06T17:27:35, 00:12:01, 3320, Nobody, log, 0, 67, 0, 0, 0, 0, 0, [], ERROR, 0, 0, 0, 0, 0, 0, 0, 0, 0, 0, 0, 0, 0, 0, 0, fwd, SPEED, DRIVER_RUNNING, 0, 20, 15, 1
2026-08-06T17:27:36, 00:12:02, 3322, Nobody, log, 0, 67, 0, 0, 0, 0, 0, [], ERROR, 0, 0, 0, 0, 0, 0, 0, 0, 0, 0, 0, 0, 0, 0, 0, fwd, SPEED, DRIVER_RUNNING, 0, 20, 15, 1
2026-08-06T17:27:37, 00:12:03, 3325, Nobody, log, 0, 67, 0, 0, 0, 0, 0, [], ERROR, 0, 0, 0, 0, 0, 0, 0, 0, 0, 0, 0, 0, 0, 0, 0, fwd, SPEED, DRIVER_RUNNING, 0, 20, 15, 1
2026-08-06T17:27:38, 00:12:04, 3326, Nobody, log, 0, 67, 0, 0, 0, 0, 0, [], ERROR, 0, 0, 0, 0, 0, 0, 0, 0, 0, 0, 0, 0, 0, 0, 0, fwd, SPEED, DRIVER_RUNNING, 0, 20, 15, 1
2026-08-06T17:27:39, 00:12:05, 3329, Nobody, log, 0, 67, 0, 0, 0, 0, 0, [], ERROR, 0, 0, 0, 0, 0, 0, 0, 0, 0, 0, 0, 0, 0, 0, 0, fwd, SPEED, DRIVER_RUNNING, 0, 20, 15, 1
2026-08-06T17:27:40, 00:12:06, 3331, Nobody, log, 0, 67, 0, 0, 0, 0, 0, [], ERROR, 0, 0, 0, 0, 0, 0, 0, 0, 0, 0, 0, 0, 0, 0, 0, fwd, SPEED, DRIVER_RUNNING, 0, 20, 15, 1
2026-08-06T17:27:41, 00:12:07, 3332, Nobody, log, 0, 67, 0, 0, 0, 0, 0, [], ERROR, 0, 0, 0, 0, 0, 0, 0, 0, 0, 0, 0, 0, 0, 0, 0, fwd, SPEED, DRIVER_RUNNING, 0, 20, 15, 1
2026-08-06T17:27:42, 00:12:08, 3333, Nobody, log, 0, 67, 0, 0, 0, 0, 0, [], ERROR, 0, 0, 0, 0, 0, 0, 0, 0, 0, 0, 0, 0, 0, 0, 0, fwd, SPEED, DRIVER_RUNNING, 0, 20, 15, 1
2026-08-06T17:27:43, 00:12:09, 3334, Nobody, log, 0, 67, 0, 0, 0, 0, 0, [], ERROR, 0, 0, 0, 0, 0, 0, 0, 0, 0, 0, 0, 0, 0, 0, 0, fwd, SPEED, DRIVER_RUNNING, 0, 20, 15, 1
2026-08-06T17:27:44, 00:12:10, 3336, Nobody, log, 0, 67, 0, 0, 0, 0, 0, [], ERROR, 0, 0, 0, 0, 0, 0, 0, 0, 0, 0, 0, 0, 0, 0, 0, fwd, SPEED, DRIVER_RUNNING, 0, 20, 15, 1
2026-08-06T17:27:45, 00:12:11, 3338, Nobody, log, 0, 67, 0, 0, 0, 0, 0, [], ERROR, 0, 0, 0, 0, 0, 0, 0, 0, 0, 0, 0, 0, 0, 0, 0, fwd, SPEED, DRIVER_RUNNING, 0, 20, 15, 1
2026-08-06T17:27:46, 00:12:12, 3340, Nobody, log, 0, 67, 0, 0, 0, 0, 0, [], ERROR, 0, 0, 0, 0, 0, 0, 0, 0, 0, 0, 0, 0, 0, 0, 0, fwd, SPEED, DRIVER_RUNNING, 0, 20, 15, 1
2026-08-06T17:27:47, 00:12:13, 3342, Nobody, log, 0, 67, 0, 0, 0, 0, 0, [], ERROR, 0, 0, 0, 0, 0, 0, 0, 0, 0, 0, 0, 0, 0, 0, 0, fwd, SPEED, DRIVER_RUNNING, 0, 20, 15, 1
2026-08-06T17:27:48, 00:12:14, 3344, Nobody, log, 0, 67, 0, 0, 0, 0, 0, [], ERROR, 0, 0, 0, 0, 0, 0, 0, 0, 0, 0, 0, 0, 0, 0, 0, fwd, SPEED, DRIVER_RUNNING, 0, 20, 15, 1
2026-08-06T17:27:49, 00:12:15, 3345, Nobody, log, 0, 67, 0, 0, 0, 0, 0, [], ERROR, 0, 0, 0, 0, 0, 0, 0, 0, 0, 0, 0, 0, 0, 0, 0, fwd, SPEED, DRIVER_RUNNING, 0, 20, 15, 1
2026-08-06T17:27:50, 00:12:16, 3347, Nobody, log, 0, 67, 0, 0, 0, 0, 0, [], ERROR, 0, 0, 0, 0, 0, 0, 0, 0, 0, 0, 0, 0, 0, 0, 0, fwd, SPEED, DRIVER_RUNNING, 0, 20, 15, 1
2026-08-06T17:27:51, 00:12:17, 3349, Nobody, log, 0, 67, 0, 0, 0, 0, 0, [], ERROR, 0, 0, 0, 0, 0, 0, 0, 0, 0, 0, 0, 0, 0, 0, 0, fwd, SPEED, DRIVER_RUNNING, 0, 20, 15, 1
2026-08-06T17:27:53, 00:12:19, 3350, Nobody, log, 0, 67, 0, 0, 0, 0, 0, [], ERROR, 0, 0, 0, 0, 0, 0, 0, 0, 0, 0, 0, 0, 0, 0, 0, fwd, SPEED, DRIVER_RUNNING, 0, 20, 15, 1
2026-08-06T17:27:54, 00:12:20, 3352, Nobody, log, 0, 67, 0, 0, 0, 0, 0, [], ERROR, 0, 0, 0, 0, 0, 0, 0, 0, 0, 0, 0, 0, 0, 0, 0, fwd, SPEED, DRIVER_RUNNING, 0, 20, 15, 1
2026-08-06T17:27:55, 00:12:21, 3354, Nobody, log, 0, 67, 0, 0, 0, 0, 0, [], ERROR, 0, 0, 0, 0, 0, 0, 0, 0, 0, 0, 0, 0, 0, 0, 0, fwd, SPEED, DRIVER_RUNNING, 0, 20, 15, 1
2026-08-06T17:27:56, 00:12:22, 3357, Nobody, log, 0, 67, 0, 0, 0, 0, 0, [], ERROR, 0, 0, 0, 0, 0, 0, 0, 0, 0, 0, 0, 0, 0, 0, 0, fwd, SPEED, DRIVER_RUNNING, 0, 20, 15, 1
2026-08-06T17:27:57, 00:12:23, 3359, Nobody, log, 0, 67, 0, 0, 0, 0, 0, [], ERROR, 0, 0, 0, 0, 0, 0, 0, 0, 0, 0, 0, 0, 0, 0, 0, fwd, SPEED, DRIVER_RUNNING, 0, 20, 15, 1
2026-08-06T17:27:58, 00:12:24, 3361, Nobody, log, 0, 67, 0, 0, 0, 0, 0, [], ERROR, 0, 0, 0, 0, 0, 0, 0, 0, 0, 0, 0, 0, 0, 0, 0, fwd, SPEED, DRIVER_RUNNING, 0, 20, 15, 1
2026-08-06T17:27:59, 00:12:25, 3363, Nobody, log, 0, 67, 0, 0, 0, 0, 0, [], ERROR, 0, 0, 0, 0, 0, 0, 0, 0, 0, 0, 0, 0, 0, 0, 0, fwd, SPEED, DRIVER_RUNNING, 0, 20, 15, 1
2026-08-06T17:28:00, 00:12:26, 3364, Nobody, log, 0, 67, 0, 0, 0, 0, 0, [], ERROR, 0, 0, 0, 0, 0, 0, 0, 0, 0, 0, 0, 0, 0, 0, 0, fwd, SPEED, DRIVER_RUNNING, 0, 20, 15, 1
2026-08-06T17:28:01, 00:12:27, 3366, Nobody, log, 0, 67, 0, 0, 0, 0, 0, [], ERROR, 0, 0, 0, 0, 0, 0, 0, 0, 0, 0, 0, 0, 0, 0, 0, fwd, SPEED, DRIVER_RUNNING, 0, 20, 15, 1
2026-08-06T17:28:02, 00:12:28, 3367, Nobody, log, 0, 67, 0, 0, 0, 0, 0, [], ERROR, 0, 0, 0, 0, 0, 0, 0, 0, 0, 0, 0, 0, 0, 0, 0, fwd, SPEED, DRIVER_RUNNING, 0, 20, 15, 1
2026-08-06T17:28:03, 00:12:29, 3369, Nobody, log, 0, 67, 0, 0, 0, 0, 0, [], ERROR, 0, 0, 0, 0, 0, 0, 0, 0, 0, 0, 0, 0, 0, 0, 0, fwd, SPEED, DRIVER_RUNNING, 0, 20, 15, 1
2026-08-06T17:28:04, 00:12:30, 3371, Nobody, log, 0, 67, 0, 0, 0, 0, 0, [], ERROR, 0, 0, 0, 0, 0, 0, 0, 0, 0, 0, 0, 0, 0, 0, 0, fwd, SPEED, DRIVER_RUNNING, 0, 20, 15, 1
2026-08-06T17:28:05, 00:12:31, 3373, Nobody, log, 0, 67, 0, 0, 0, 0, 0, [], ERROR, 0, 0, 0, 0, 0, 0, 0, 0, 0, 0, 0, 0, 0, 0, 0, fwd, SPEED, DRIVER_RUNNING, 0, 20, 15, 1
2026-08-06T17:28:06, 00:12:32, 3375, Nobody, log, 0, 67, 0, 0, 0, 0, 0, [], ERROR, 0, 0, 0, 0, 0, 0, 0, 0, 0, 0, 0, 0, 0, 0, 0, fwd, SPEED, DRIVER_RUNNING, 0, 20, 15, 1
2026-08-06T17:28:07, 00:12:33, 3377, Nobody, log, 0, 67, 0, 0, 0, 0, 0, [], ERROR, 0, 0, 0, 0, 0, 0, 0, 0, 0, 0, 0, 0, 0, 0, 0, fwd, SPEED, DRIVER_RUNNING, 0, 20, 15, 1
2026-08-06T17:28:08, 00:12:34, 3378, Nobody, log, 0, 67, 0, 0, 0, 0, 0, [], ERROR, 0, 0, 0, 0, 0, 0, 0, 0, 0, 0, 0, 0, 0, 0, 0, fwd, SPEED, DRIVER_RUNNING, 0, 20, 15, 1
2026-08-06T17:28:09, 00:12:35, 3380, Nobody, log, 0, 67, 0, 0, 0, 0, 0, [], ERROR, 0, 0, 0, 0, 0, 0, 0, 0, 0, 0, 0, 0, 0, 0, 0, fwd, SPEED, DRIVER_RUNNING, 0, 20, 15, 1
2026-08-06T17:28:10, 00:12:36, 3382, Nobody, log, 0, 67, 0, 0, 0, 0, 0, [], ERROR, 0, 0, 0, 0, 0, 0, 0, 0, 0, 0, 0, 0, 0, 0, 0, fwd, SPEED, DRIVER_RUNNING, 0, 20, 15, 1
2026-08-06T17:28:11, 00:12:37, 3383, Nobody, log, 0, 67, 0, 0, 0, 0, 0, [], ERROR, 0, 0, 0, 0, 0, 0, 0, 0, 0, 0, 0, 0, 0, 0, 0, fwd, SPEED, DRIVER_RUNNING, 0, 20, 15, 1
2026-08-06T17:28:12, 00:12:38, 3385, Nobody, log, 0, 67, 0, 0, 0, 0, 0, [], ERROR, 0, 0, 0, 0, 0, 0, 0, 0, 0, 0, 0, 0, 0, 0, 0, fwd, SPEED, DRIVER_RUNNING, 0, 20, 15, 1
2026-08-06T17:28:14, 00:12:40, 3387, Nobody, log, 0, 67, 0, 0, 0, 0, 0, [], ERROR, 0, 0, 0, 0, 0, 0, 0, 0, 0, 0, 0, 0, 0, 0, 0, fwd, SPEED, DRIVER_RUNNING, 0, 20, 15, 1
2026-08-06T17:28:15, 00:12:41, 3390, Nobody, log, 0, 67, 0, 0, 0, 0, 0, [], ERROR, 0, 0, 0, 0, 0, 0, 0, 0, 0, 0, 0, 0, 0, 0, 0, fwd, SPEED, DRIVER_RUNNING, 0, 20, 15, 1
2026-08-06T17:28:16, 00:12:42, 3392, Nobody, log, 217, 67, 0, 0, 0, 0, 0, [], ERROR, 0, 0, 0, 0, 0, 0, 0, 0, 0, 0, 0, 0, 0, 0, 0, fwd, SPEED, DRIVER_RUNNING, 0, 20, 15, 1
2026-08-06T17:28:17, 00:12:43, 3394, Nobody, log, 223, 67, 0, 0, 0, 0, 0, [], ERROR, 0, 0, 0, 0, 0, 0, 0, 0, 0, 0, 0, 0, 0, 0, 0, fwd, SPEED, DRIVER_RUNNING, 0, 20, 15, 1
2026-08-06T17:28:18, 00:12:44, 3396, Nobody, log, 219, 67, 0, 0, 0, 0, 0, [], ERROR, 0, 0, 0, 0, 0, 0, 0, 0, 0, 0, 0, 0, 0, 0, 0, fwd, SPEED, DRIVER_RUNNING, 0, 20, 15, 1
2026-08-06T17:38:58, 00:09:54, 931, Nobody, log, 324, 67, 0, 0, 0, 0, 0, [], ERROR, 0, 0, 0, 0, 0, 0, 0, 0, 0, 0, 0, 0, 0, 0, 0, fwd, SPEED, DRIVER_RUNNING, 0, 20, 15, 1
2026-08-06T17:38:59, 00:09:55, 933, Nobody, log, 324, 67, 0, 0, 0, 0, 0, [], ERROR, 0, 0, 0, 0, 0, 0, 0, 0, 0, 0, 0, 0, 0, 0, 0, fwd, SPEED, DRIVER_RUNNING, 0, 20, 15, 1
2026-08-06T17:39:00, 00:09:56, 935, Nobody, log, 323, 67, 0, 0, 0, 0, 0, [], ERROR, 0, 0, 0, 0, 0, 0, 0, 0, 0, 0, 0, 0, 0, 0, 0, fwd, SPEED, DRIVER_RUNNING, 0, 20, 15, 1
2026-08-06T17:39:01, 00:09:57, 937, Nobody, log, 324, 67, 0, 0, 0, 0, 0, [], ERROR, 0, 0, 0, 0, 0, 0, 0, 0, 0, 0, 0, 0, 0, 0, 0, fwd, SPEED, DRIVER_RUNNING, 0, 20, 15, 1
2026-08-06T17:39:02, 00:09:58, 938, Nobody, log, 323, 67, 0, 0, 0, 0, 0, [], ERROR, 0, 0, 0, 0, 0, 0, 0, 0, 0, 0, 0, 0, 0, 0, 0, fwd, SPEED, DRIVER_RUNNING, 0, 20, 15, 1
2026-08-06T17:39:03, 00:09:59, 940, Nobody, log, 324, 67, 0, 0, 0, 0, 0, [], ERROR, 0, 0, 0, 0, 0, 0, 0, 0, 0, 0, 0, 0, 0, 0, 0, fwd, SPEED, DRIVER_RUNNING, 0, 20, 15, 1
2026-08-06T17:39:04, 00:10:00, 942, Nobody, log, 324, 67, 0, 0, 0, 0, 0, [], ERROR, 0, 0, 0, 0, 0, 0, 0, 0, 0, 0, 0, 0, 0, 0, 0, fwd, SPEED, DRIVER_RUNNING, 0, 20, 15, 1
2026-08-06T17:39:05, 00:10:01, 944, Nobody, log, 323, 67, 0, 0, 0, 0, 0, [], ERROR, 0, 0, 0, 0, 0, 0, 0, 0, 0, 0, 0, 0, 0, 0, 0, fwd, SPEED, DRIVER_RUNNING, 0, 20, 15, 1
2026-08-06T17:39:06, 00:10:02, 946, Nobody, log, 324, 67, 0, 0, 0, 0, 0, [], ERROR, 0, 0, 0, 0, 0, 0, 0, 0, 0, 0, 0, 0, 0, 0, 0, fwd, SPEED, DRIVER_RUNNING, 0, 20, 15, 1
2026-08-06T17:39:07, 00:10:03, 948, Nobody, log, 323, 67, 0, 0, 0, 0, 0, [], ERROR, 0, 0, 0, 0, 0, 0, 0, 0, 0, 0, 0, 0, 0, 0, 0, fwd, SPEED, DRIVER_RUNNING, 0, 20, 15, 1
2026-08-06T17:39:08, 00:10:04, 948, Nobody, log, 323, 67, 0, 0, 0, 0, 0, [], ERROR, 0, 0, 0, 0, 0, 0, 0, 0, 0, 0, 0, 0, 0, 0, 0, fwd, SPEED, DRIVER_RUNNING, 0, 20, 15, 1
2026-08-06T17:39:09, 00:10:05, 948, Nobody, log, 323, 67, 0, 0, 0, 0, 0, [], ERROR, 0, 0, 0, 0, 0, 0, 0, 0, 0, 0, 0, 0, 0, 0, 0, fwd, SPEED, DRIVER_RUNNING, 0, 20, 15, 1
2026-08-06T17:39:10, 00:10:06, 948, Nobody, log, 323, 67, 0, 0, 0, 0, 0, [], ERROR, 0, 0, 0, 0, 0, 0, 0, 0, 0, 0, 0, 0, 0, 0, 0, fwd, SPEED, DRIVER_RUNNING, 0, 20, 15, 1
2026-08-06T17:39:11, 00:10:07, 948, Nobody, log, 323, 67, 0, 0, 0, 0, 0, [], ERROR, 0, 0, 0, 0, 0, 0, 0, 0, 0, 0, 0, 0, 0, 0, 0, fwd, SPEED, DRIVER_RUNNING, 0, 20, 15, 1
2026-08-06T17:39:12, 00:10:08, 948, Nobody, log, 323, 67, 0, 0, 0, 0, 0, [], ERROR, 0, 0, 0, 0, 0, 0, 0, 0, 0, 0, 0, 0, 0, 0, 0, fwd, SPEED, DRIVER_RUNNING, 0, 20, 15, 1
2026-08-06T17:39:13, 00:10:09, 948, Nobody, log, 323, 67, 0, 0, 0, 0, 0, [], ERROR, 0, 0, 0, 0, 0, 0, 0, 0, 0, 0, 0, 0, 0, 0, 0, fwd, SPEED, DRIVER_RUNNING, 0, 20, 15, 1
2026-08-06T17:39:14, 00:10:10, 948, Nobody, log, 323, 67, 0, 0, 0, 0, 0, [], ERROR, 0, 0, 0, 0, 0, 0, 0, 0, 0, 0, 0, 0, 0, 0, 0, fwd, SPEED, DRIVER_RUNNING, 0, 20, 15, 1
2026-08-06T17:39:15, 00:10:11, 948, Nobody, log, 323, 67, 0, 0, 0, 0, 0, [], ERROR, 0, 0, 0, 0, 0, 0, 0, 0, 0, 0, 0, 0, 0, 0, 0, fwd, SPEED, DRIVER_RUNNING, 0, 20, 15, 1
2026-08-06T17:39:16, 00:10:12, 948, Nobody, log, 323, 67, 0, 0, 0, 0, 0, [], ERROR, 0, 0, 0, 0, 0, 0, 0, 0, 0, 0, 0, 0, 0, 0, 0, fwd, SPEED, DRIVER_RUNNING, 0, 20, 15, 1
2026-08-06T17:39:17, 00:10:13, 948, Nobody, log, 323, 67, 0, 0, 0, 0, 0, [], ERROR, 0, 0, 0, 0, 0, 0, 0, 0, 0, 0, 0, 0, 0, 0, 0, fwd, SPEED, DRIVER_RUNNING, 0, 20, 15, 1
2026-08-06T17:39:18, 00:10:14, 948, Nobody, log, 323, 67, 0, 0, 0, 0, 0, [], ERROR, 0, 0, 0, 0, 0, 0, 0, 0, 0, 0, 0, 0, 0, 0, 0, fwd, SPEED, DRIVER_RUNNING, 0, 20, 15, 1
2026-08-06T17:39:19, 00:10:15, 948, Nobody, log, 323, 67, 0, 0, 0, 0, 0, [], ERROR, 0, 0, 0, 0, 0, 0, 0, 0, 0, 0, 0, 0, 0, 0, 0, fwd, SPEED, DRIVER_RUNNING, 0, 20, 15, 1
2026-08-06T17:39:20, 00:10:16, 948, Nobody, log, 323, 67, 0, 0, 0, 0, 0, [], ERROR, 0, 0, 0, 0, 0, 0, 0, 0, 0, 0, 0, 0, 0, 0, 0, fwd, SPEED, DRIVER_RUNNING, 0, 20, 15, 1
2026-08-06T17:39:21, 00:10:17, 948, Nobody, log, 323, 67, 0, 0, 0, 0, 0, [], ERROR, 0, 0, 0, 0, 0, 0, 0, 0, 0, 0, 0, 0, 0, 0, 0, fwd, SPEED, DRIVER_RUNNING, 0, 20, 15, 1
2026-08-06T17:39:22, 00:10:18, 948, Nobody, log, 323, 67, 0, 0, 0, 0, 0, [], ERROR, 0, 0, 0, 0, 0, 0, 0, 0, 0, 0, 0, 0, 0, 0, 0, fwd, SPEED, DRIVER_RUNNING, 0, 20, 15, 1
2026-08-06T17:39:23, 00:10:19, 948, Nobody, log, 323, 67, 0, 0, 0, 0, 0, [], ERROR, 0, 0, 0, 0, 0, 0, 0, 0, 0, 0, 0, 0, 0, 0, 0, fwd, SPEED, DRIVER_RUNNING, 0, 20, 15, 1
2026-08-06T17:39:24, 00:10:20, 948, Nobody, log, 323, 67, 0, 0, 0, 0, 0, [], ERROR, 0, 0, 0, 0, 0, 0, 0, 0, 0, 0, 0, 0, 0, 0, 0, fwd, SPEED, DRIVER_RUNNING, 0, 20, 15, 1
2026-08-06T17:39:25, 00:10:21, 948, Nobody, log, 323, 67, 0, 0, 0, 0, 0, [], ERROR, 0, 0, 0, 0, 0, 0, 0, 0, 0, 0, 0, 0, 0, 0, 0, fwd, SPEED, DRIVER_RUNNING, 0, 20, 15, 1
2026-08-06T17:39:26, 00:10:22, 948, Nobody, log, 323, 67, 0, 0, 0, 0, 0, [], ERROR, 0, 0, 0, 0, 0, 0, 0, 0, 0, 0, 0, 0, 0, 0, 0, fwd, SPEED, DRIVER_RUNNING, 0, 20, 15, 1
2026-08-06T17:39:27, 00:10:23, 948, Nobody, log, 323, 67, 0, 0, 0, 0, 0, [], ERROR, 0, 0, 0, 0, 0, 0, 0, 0, 0, 0, 0, 0, 0, 0, 0, fwd, SPEED, DRIVER_RUNNING, 0, 20, 15, 1
2026-08-06T17:39:28, 00:10:24, 948, Nobody, log, 323, 67, 0, 0, 0, 0, 0, [], ERROR, 0, 0, 0, 0, 0, 0, 0, 0, 0, 0, 0, 0, 0, 0, 0, fwd, SPEED, DRIVER_RUNNING, 0, 20, 15, 1
2026-08-06T17:39:29, 00:10:25, 948, Nobody, log, 323, 67, 0, 0, 0, 0, 0, [], ERROR, 0, 0, 0, 0, 0, 0, 0, 0, 0, 0, 0, 0, 0, 0, 0, fwd, SPEED, DRIVER_RUNNING, 0, 20, 15, 1
2026-08-06T17:39:30, 00:10:26, 948, Nobody, log, 323, 67, 0, 0, 0, 0, 0, [], ERROR, 0, 0, 0, 0, 0, 0, 0, 0, 0, 0, 0, 0, 0, 0, 0, fwd, SPEED, DRIVER_RUNNING, 0, 20, 15, 1
2026-08-06T17:39:31, 00:10:27, 948, Nobody, log, 323, 67, 0, 0, 0, 0, 0, [], ERROR, 0, 0, 0, 0, 0, 0, 0, 0, 0, 0, 0, 0, 0, 0, 0, fwd, SPEED, DRIVER_RUNNING, 0, 20, 15, 1
2026-08-06T17:39:32, 00:10:28, 948, Nobody, log, 323, 67, 0, 0, 0, 0, 0, [], ERROR, 0, 0, 0, 0, 0, 0, 0, 0, 0, 0, 0, 0, 0, 0, 0, fwd, SPEED, DRIVER_RUNNING, 0, 20, 15, 1
2026-08-06T17:39:33, 00:10:29, 948, Nobody, log, 323, 67, 0, 0, 0, 0, 0, [], ERROR, 0, 0, 0, 0, 0, 0, 0, 0, 0, 0, 0, 0, 0, 0, 0, fwd, SPEED, DRIVER_RUNNING, 0, 20, 15, 1
2026-08-06T17:39:34, 00:10:30, 948, Nobody, log, 323, 67, 0, 0, 0, 0, 0, [], ERROR, 0, 0, 0, 0, 0, 0, 0, 0, 0, 0, 0, 0, 0, 0, 0, fwd, SPEED, DRIVER_RUNNING, 0, 20, 15, 1
2026-08-06T17:39:36, 00:10:32, 948, Nobody, log, 323, 67, 0, 0, 0, 0, 0, [], ERROR, 0, 0, 0, 0, 0, 0, 0, 0, 0, 0, 0, 0, 0, 0, 0, fwd, SPEED, DRIVER_RUNNING, 0, 20, 15, 1
2026-08-06T17:39:37, 00:10:33, 948, Nobody, log, 323, 67, 0, 0, 0, 0, 0, [], ERROR, 0, 0, 0, 0, 0, 0, 0, 0, 0, 0, 0, 0, 0, 0, 0, fwd, SPEED, DRIVER_RUNNING, 0, 20, 15, 1
2026-08-06T17:39:38, 00:10:34, 948, Nobody, log, 323, 67, 0, 0, 0, 0, 0, [], ERROR, 0, 0, 0, 0, 0, 0, 0, 0, 0, 0, 0, 0, 0, 0, 0, fwd, SPEED, DRIVER_RUNNING, 0, 20, 15, 1
2026-08-06T17:39:39, 00:10:35, 948, Nobody, log, 323, 67, 0, 0, 0, 0, 0, [], ERROR, 0, 0, 0, 0, 0, 0, 0, 0, 0, 0, 0, 0, 0, 0, 0, fwd, SPEED, DRIVER_RUNNING, 0, 20, 15, 1
2026-08-06T17:39:40, 00:10:36, 948, Nobody, log, 323, 67, 0, 0, 0, 0, 0, [], ERROR, 0, 0, 0, 0, 0, 0, 0, 0, 0, 0, 0, 0, 0, 0, 0, fwd, SPEED, DRIVER_RUNNING, 0, 20, 15, 1
2026-08-06T17:39:41, 00:10:37, 948, Nobody, log, 323, 67, 0, 0, 0, 0, 0, [], ERROR, 0, 0, 0, 0, 0, 0, 0, 0, 0, 0, 0, 0, 0, 0, 0, fwd, SPEED, DRIVER_RUNNING, 0, 20, 15, 1
2026-08-06T17:39:42, 00:10:38, 948, Nobody, log, 323, 67, 0, 0, 0, 0, 0, [], ERROR, 0, 0, 0, 0, 0, 0, 0, 0, 0, 0, 0, 0, 0, 0, 0, fwd, SPEED, DRIVER_RUNNING, 0, 20, 15, 1
2026-08-06T17:39:43, 00:10:39, 948, Nobody, log, 323, 67, 0, 0, 0, 0, 0, [], ERROR, 0, 0, 0, 0, 0, 0, 0, 0, 0, 0, 0, 0, 0, 0, 0, fwd, SPEED, DRIVER_RUNNING, 0, 20, 15, 1
2026-08-06T17:39:44, 00:10:40, 948, Nobody, log, 323, 67, 0, 0, 0, 0, 0, [], ERROR, 0, 0, 0, 0, 0, 0, 0, 0, 0, 0, 0, 0, 0, 0, 0, fwd, SPEED, DRIVER_RUNNING, 0, 20, 15, 1
2026-08-06T17:39:45, 00:10:41, 948, Nobody, log, 323, 67, 0, 0, 0, 0, 0, [], ERROR, 0, 0, 0, 0, 0, 0, 0, 0, 0, 0, 0, 0, 0, 0, 0, fwd, SPEED, DRIVER_RUNNING, 0, 20, 15, 1
2026-08-06T17:39:46, 00:10:42, 948, Nobody, log, 323, 67, 0, 0, 0, 0, 0, [], ERROR, 0, 0, 0, 0, 0, 0, 0, 0, 0, 0, 0, 0, 0, 0, 0, fwd, SPEED, DRIVER_RUNNING, 0, 20, 15, 1
2026-08-06T17:39:47, 00:10:43, 948, Nobody, log, 323, 67, 0, 0, 0, 0, 0, [], ERROR, 0, 0, 0, 0, 0, 0, 0, 0, 0, 0, 0, 0, 0, 0, 0, fwd, SPEED, DRIVER_RUNNING, 0, 20, 15, 1
2026-08-06T17:39:48, 00:10:44, 948, Nobody, log, 323, 67, 0, 0, 0, 0, 0, [], ERROR, 0, 0, 0, 0, 0, 0, 0, 0, 0, 0, 0, 0, 0, 0, 0, fwd, SPEED, DRIVER_RUNNING, 0, 20, 15, 1
2026-08-06T17:39:49, 00:10:45, 948, Nobody, log, 323, 67, 0, 0, 0, 0, 0, [], ERROR, 0, 0, 0, 0, 0, 0, 0, 0, 0, 0, 0, 0, 0, 0, 0, fwd, SPEED, DRIVER_RUNNING, 0, 20, 15, 1
2026-08-06T17:39:50, 00:10:46, 948, Nobody, log, 323, 67, 0, 0, 0, 0, 0, [], ERROR, 0, 0, 0, 0, 0, 0, 0, 0, 0, 0, 0, 0, 0, 0, 0, fwd, SPEED, DRIVER_RUNNING, 0, 20, 15, 1
2026-08-06T17:39:51, 00:10:47, 948, Nobody, log, 323, 67, 0, 0, 0, 0, 0, [], ERROR, 0, 0, 0, 0, 0, 0, 0, 0, 0, 0, 0, 0, 0, 0, 0, fwd, SPEED, DRIVER_RUNNING, 0, 20, 15, 1
2026-08-06T17:39:52, 00:10:48, 948, Nobody, log, 323, 67, 0, 0, 0, 0, 0, [], ERROR, 0, 0, 0, 0, 0, 0, 0, 0, 0, 0, 0, 0, 0, 0, 0, fwd, SPEED, DRIVER_RUNNING, 0, 20, 15, 1
2026-08-06T17:39:53, 00:10:49, 948, Nobody, log, 323, 67, 0, 0, 0, 0, 0, [], ERROR, 0, 0, 0, 0, 0, 0, 0, 0, 0, 0, 0, 0, 0, 0, 0, fwd, SPEED, DRIVER_RUNNING, 0, 20, 15, 1
2026-08-06T17:39:54, 00:10:50, 948, Nobody, log, 323, 67, 0, 0, 0, 0, 0, [], ERROR, 0, 0, 0, 0, 0, 0, 0, 0, 0, 0, 0, 0, 0, 0, 0, fwd, SPEED, DRIVER_RUNNING, 0, 20, 15, 1
2026-08-06T17:39:55, 00:10:51, 948, Nobody, log, 323, 67, 0, 0, 0, 0, 0, [], ERROR, 0, 0, 0, 0, 0, 0, 0, 0, 0, 0, 0, 0, 0, 0, 0, fwd, SPEED, DRIVER_RUNNING, 0, 20, 15, 1
2026-08-06T17:39:56, 00:10:52, 948, Nobody, log, 323, 67, 0, 0, 0, 0, 0, [], ERROR, 0, 0, 0, 0, 0, 0, 0, 0, 0, 0, 0, 0, 0, 0, 0, fwd, SPEED, DRIVER_RUNNING, 0, 20, 15, 1
2026-08-06T17:39:57, 00:10:53, 948, Nobody, log, 323, 67, 0, 0, 0, 0, 0, [], ERROR, 0, 0, 0, 0, 0, 0, 0, 0, 0, 0, 0, 0, 0, 0, 0, fwd, SPEED, DRIVER_RUNNING, 0, 20, 15, 1
2026-08-06T17:39:58, 00:10:54, 948, Nobody, log, 323, 67, 0, 0, 0, 0, 0, [], ERROR, 0, 0, 0, 0, 0, 0, 0, 0, 0, 0, 0, 0, 0, 0, 0, fwd, SPEED, DRIVER_RUNNING, 0, 20, 15, 1
2026-08-06T17:39:59, 00:10:55, 948, Nobody, log, 323, 67, 0, 0, 0, 0, 0, [], ERROR, 0, 0, 0, 0, 0, 0, 0, 0, 0, 0, 0, 0, 0, 0, 0, fwd, SPEED, DRIVER_RUNNING, 0, 20, 15, 1
2026-08-06T17:40:00, 00:10:56, 948, Nobody, log, 323, 67, 0, 0, 0, 0, 0, [], ERROR, 0, 0, 0, 0, 0, 0, 0, 0, 0, 0, 0, 0, 0, 0, 0, fwd, SPEED, DRIVER_RUNNING, 0, 20, 15, 1
2026-08-06T17:40:01, 00:10:57, 948, Nobody, log, 323, 67, 0, 0, 0, 0, 0, [], ERROR, 0, 0, 0, 0, 0, 0, 0, 0, 0, 0, 0, 0, 0, 0, 0, fwd, SPEED, DRIVER_RUNNING, 0, 20, 15, 1
2026-08-06T17:40:02, 00:10:58, 948, Nobody, log, 323, 67, 0, 0, 0, 0, 0, [], ERROR, 0, 0, 0, 0, 0, 0, 0, 0, 0, 0, 0, 0, 0, 0, 0, fwd, SPEED, DRIVER_RUNNING, 0, 20, 15, 1
2026-08-06T17:40:03, 00:10:59, 948, Nobody, log, 323, 67, 0, 0, 0, 0, 0, [], ERROR, 0, 0, 0, 0, 0, 0, 0, 0, 0, 0, 0, 0, 0, 0, 0, fwd, SPEED, DRIVER_RUNNING, 0, 20, 15, 1
2026-08-06T17:40:04, 00:11:00, 948, Nobody, log, 323, 67, 0, 0, 0, 0, 0, [], ERROR, 0, 0, 0, 0, 0, 0, 0, 0, 0, 0, 0, 0, 0, 0, 0, fwd, SPEED, DRIVER_RUNNING, 0, 20, 15, 1
2026-08-06T17:40:05, 00:11:01, 949, Nobody, log, 0, 67, 0, 0, 0, 0, 0, [], ERROR, 0, 0, 0, 0, 0, 0, 0, 0, 0, 0, 0, 0, 0, 0, 0, fwd, SPEED, DRIVER_RUNNING, 0, 20, 15, 1
2026-08-06T17:40:06, 00:11:02, 951, Nobody, log, 0, 67, 0, 0, 0, 0, 0, [], ERROR, 0, 0, 0, 0, 0, 0, 0, 0, 0, 0, 0, 0, 0, 0, 0, fwd, SPEED, DRIVER_RUNNING, 0, 20, 15, 1
2026-08-06T17:40:07, 00:11:03, 953, Nobody, log, 0, 67, 0, 0, 0, 0, 0, [], ERROR, 0, 0, 0, 0, 0, 0, 0, 0, 0, 0, 0, 0, 0, 0, 0, fwd, SPEED, DRIVER_RUNNING, 0, 20, 15, 1
2026-08-06T17:40:08, 00:11:04, 955, Nobody, log, 0, 67, 0, 0, 0, 0, 0, [], ERROR, 0, 0, 0, 0, 0, 0, 0, 0, 0, 0, 0, 0, 0, 0, 0, fwd, SPEED, DRIVER_RUNNING, 0, 20, 15, 1
2026-08-06T17:40:09, 00:11:05, 956, Nobody, log, 0, 67, 0, 0, 0, 0, 0, [], ERROR, 0, 0, 0, 0, 0, 0, 0, 0, 0, 0, 0, 0, 0, 0, 0, fwd, SPEED, DRIVER_RUNNING, 0, 20, 15, 1
2026-08-06T17:40:10, 00:11:06, 957, Nobody, log, 0, 67, 0, 0, 0, 0, 0, [], ERROR, 0, 0, 0, 0, 0, 0, 0, 0, 0, 0, 0, 0, 0, 0, 0, fwd, SPEED, DRIVER_RUNNING, 0, 20, 15, 1
2026-08-06T17:40:11, 00:11:07, 959, Nobody, log, 0, 67, 0, 0, 0, 0, 0, [], ERROR, 0, 0, 0, 0, 0, 0, 0, 0, 0, 0, 0, 0, 0, 0, 0, fwd, SPEED, DRIVER_RUNNING, 0, 20, 15, 1
2026-08-06T17:40:12, 00:11:08, 961, Nobody, log, 0, 67, 0, 0, 0, 0, 0, [], ERROR, 0, 0, 0, 0, 0, 0, 0, 0, 0, 0, 0, 0, 0, 0, 0, fwd, SPEED, DRIVER_RUNNING, 0, 20, 15, 1
2026-08-06T17:40:13, 00:11:09, 962, Nobody, log, 0, 67, 0, 0, 0, 0, 0, [], ERROR, 0, 0, 0, 0, 0, 0, 0, 0, 0, 0, 0, 0, 0, 0, 0, fwd, SPEED, DRIVER_RUNNING, 0, 20, 15, 1
2026-08-06T17:40:14, 00:11:10, 962, Nobody, log, 0, 67, 0, 0, 0, 0, 0, [], ERROR, 0, 0, 0, 0, 0, 0, 0, 0, 0, 0, 0, 0, 0, 0, 0, fwd, SPEED, DRIVER_RUNNING, 0, 20, 15, 1
2026-08-06T17:40:15, 00:11:11, 967, Nobody, log, 0, 67, 0, 0, 0, 0, 0, [], ERROR, 0, 0, 0, 0, 0, 0, 0, 0, 0, 0, 0, 0, 0, 0, 0, fwd, SPEED, DRIVER_RUNNING, 0, 20, 15, 1
2026-08-06T17:40:16, 00:11:12, 969, Nobody, log, 0, 67, 0, 0, 0, 0, 0, [], ERROR, 0, 0, 0, 0, 0, 0, 0, 0, 0, 0, 0, 0, 0, 0, 0, fwd, SPEED, DRIVER_RUNNING, 0, 20, 15, 1
2026-08-06T17:40:17, 00:11:13, 971, Nobody, log, 0, 67, 0, 0, 0, 0, 0, [], ERROR, 0, 0, 0, 0, 0, 0, 0, 0, 0, 0, 0, 0, 0, 0, 0, fwd, SPEED, DRIVER_RUNNING, 0, 20, 15, 1
2026-08-06T17:40:18, 00:11:14, 973, Nobody, log, 0, 67, 0, 0, 0, 0, 0, [], ERROR, 0, 0, 0, 0, 0, 0, 0, 0, 0, 0, 0, 0, 0, 0, 0, fwd, SPEED, DRIVER_RUNNING, 0, 20, 15, 1
2026-08-06T17:40:19, 00:11:15, 973, Nobody, log, 0, 67, 0, 0, 0, 0, 0, [], ERROR, 0, 0, 0, 0, 0, 0, 0, 0, 0, 0, 0, 0, 0, 0, 0, fwd, SPEED, DRIVER_RUNNING, 0, 20, 15, 1
2026-08-06T17:40:20, 00:11:16, 975, Nobody, log, 0, 67, 0, 0, 0, 0, 0, [], ERROR, 0, 0, 0, 0, 0, 0, 0, 0, 0, 0, 0, 0, 0, 0, 0, fwd, SPEED, DRIVER_RUNNING, 0, 20, 15, 1
2026-08-06T17:40:21, 00:11:17, 977, Nobody, log, 0, 67, 0, 0, 0, 0, 0, [], ERROR, 0, 0, 0, 0, 0, 0, 0, 0, 0, 0, 0, 0, 0, 0, 0, fwd, SPEED, DRIVER_RUNNING, 0, 20, 15, 1
2026-08-06T17:40:22, 00:11:18, 979, Nobody, log, 0, 67, 0, 0, 0, 0, 0, [], ERROR, 0, 0, 0, 0, 0, 0, 0, 0, 0, 0, 0, 0, 0, 0, 0, fwd, SPEED, DRIVER_RUNNING, 0, 20, 15, 1
2026-08-06T17:40:23, 00:11:19, 981, Nobody, log, 0, 67, 0, 0, 0, 0, 0, [], ERROR, 0, 0, 0, 0, 0, 0, 0, 0, 0, 0, 0, 0, 0, 0, 0, fwd, SPEED, DRIVER_RUNNING, 0, 20, 15, 1
2026-08-06T17:40:24, 00:11:20, 982, Nobody, log, 0, 67, 0, 0, 0, 0, 0, [], ERROR, 0, 0, 0, 0, 0, 0, 0, 0, 0, 0, 0, 0, 0, 0, 0, fwd, SPEED, DRIVER_RUNNING, 0, 20, 15, 1
2026-08-06T17:40:25, 00:11:21, 984, Nobody, log, 0, 67, 0, 0, 0, 0, 0, [], ERROR, 0, 0, 0, 0, 0, 0, 0, 0, 0, 0, 0, 0, 0, 0, 0, fwd, SPEED, DRIVER_RUNNING, 0, 20, 15, 1
2026-08-06T17:40:26, 00:11:22, 986, Nobody, log, 0, 67, 0, 0, 0, 0, 0, [], ERROR, 0, 0, 0, 0, 0, 0, 0, 0, 0, 0, 0, 0, 0, 0, 0, fwd, SPEED, DRIVER_RUNNING, 0, 20, 15, 1
2026-08-06T17:40:28, 00:11:24, 988, Nobody, log, 0, 67, 0, 0, 0, 0, 0, [], ERROR, 0, 0, 0, 0, 0, 0, 0, 0, 0, 0, 0, 0, 0, 0, 0, fwd, SPEED, DRIVER_RUNNING, 0, 20, 15, 1
2026-08-06T17:40:29, 00:11:25, 990, Nobody, log, 0, 67, 0, 0, 0, 0, 0, [], ERROR, 0, 0, 0, 0, 0, 0, 0, 0, 0, 0, 0, 0, 0, 0, 0, fwd, SPEED, DRIVER_RUNNING, 0, 20, 15, 1
2026-08-06T17:40:30, 00:11:26, 992, Nobody, log, 0, 67, 0, 0, 0, 0, 0, [], ERROR, 0, 0, 0, 0, 0, 0, 0, 0, 0, 0, 0, 0, 0, 0, 0, fwd, SPEED, DRIVER_RUNNING, 0, 20, 15, 1
2026-08-06T17:40:31, 00:11:27, 993, Nobody, log, 0, 67, 0, 0, 0, 0, 0, [], ERROR, 0, 0, 0, 0, 0, 0, 0, 0, 0, 0, 0, 0, 0, 0, 0, fwd, SPEED, DRIVER_RUNNING, 0, 20, 15, 1
2026-08-06T17:40:32, 00:11:28, 994, Nobody, log, 0, 67, 0, 0, 0, 0, 0, [], ERROR, 0, 0, 0, 0, 0, 0, 0, 0, 0, 0, 0, 0, 0, 0, 0, fwd, SPEED, DRIVER_RUNNING, 0, 20, 15, 1
2026-08-06T17:40:33, 00:11:29, 995, Nobody, log, 0, 67, 0, 0, 0, 0, 0, [], ERROR, 0, 0, 0, 0, 0, 0, 0, 0, 0, 0, 0, 0, 0, 0, 0, fwd, SPEED, DRIVER_RUNNING, 0, 20, 15, 1
2026-08-06T17:40:34, 00:11:30, 996, Nobody, log, 0, 67, 0, 0, 0, 0, 0, [], ERROR, 0, 0, 0, 0, 0, 0, 0, 0, 0, 0, 0, 0, 0, 0, 0, fwd, SPEED, DRIVER_RUNNING, 0, 20, 15, 1
2026-08-06T17:40:35, 00:11:31, 997, Nobody, log, 0, 67, 0, 0, 0, 0, 0, [], ERROR, 0, 0, 0, 0, 0, 0, 0, 0, 0, 0, 0, 0, 0, 0, 0, fwd, SPEED, DRIVER_RUNNING, 0, 20, 15, 1
2026-08-06T17:40:36, 00:11:32, 997, Nobody, log, 0, 67, 0, 0, 0, 0, 0, [], ERROR, 0, 0, 0, 0, 0, 0, 0, 0, 0, 0, 0, 0, 0, 0, 0, fwd, SPEED, DRIVER_RUNNING, 0, 20, 15, 1
2026-08-06T17:40:37, 00:11:33, 999, Nobody, log, 0, 67, 0, 0, 0, 0, 0, [], ERROR, 0, 0, 0, 0, 0, 0, 0, 0, 0, 0, 0, 0, 0, 0, 0, fwd, SPEED, DRIVER_RUNNING, 0, 20, 15, 1
2026-08-06T17:40:38, 00:11:34, 1000, Nobody, log, 0, 67, 0, 0, 0, 0, 0, [], ERROR, 0, 0, 0, 0, 0, 0, 0, 0, 0, 0, 0, 0, 0, 0, 0, fwd, SPEED, DRIVER_RUNNING, 0, 20, 15, 1
2026-08-06T17:40:39, 00:11:35, 1002, Nobody, log, 0, 67, 0, 0, 0, 0, 0, [], ERROR, 0, 0, 0, 0, 0, 0, 0, 0, 0, 0, 0, 0, 0, 0, 0, fwd, SPEED, DRIVER_RUNNING, 0, 20, 15, 1
2026-08-06T17:40:40, 00:11:36, 1004, Nobody, log, 0, 67, 0, 0, 0, 0, 0, [], ERROR, 0, 0, 0, 0, 0, 0, 0, 0, 0, 0, 0, 0, 0, 0, 0, fwd, SPEED, DRIVER_RUNNING, 0, 20, 15, 1
2026-08-06T17:40:41, 00:11:37, 1005, Nobody, log, 0, 67, 0, 0, 0, 0, 0, [], ERROR, 0, 0, 0, 0, 0, 0, 0, 0, 0, 0, 0, 0, 0, 0, 0, fwd, SPEED, DRIVER_RUNNING, 0, 20, 15, 1
2026-08-06T17:40:42, 00:11:38, 1004, Nobody, log, 0, 67, 0, 0, 0, 0, 0, [], ERROR, 0, 0, 0, 0, 0, 0, 0, 0, 0, 0, 0, 0, 0, 0, 0, fwd, SPEED, DRIVER_RUNNING, 0, 20, 15, 1
2026-08-06T17:40:43, 00:11:39, 1006, Nobody, log, 0, 67, 0, 0, 0, 0, 0, [], ERROR, 0, 0, 0, 0, 0, 0, 0, 0, 0, 0, 0, 0, 0, 0, 0, fwd, SPEED, DRIVER_RUNNING, 0, 20, 15, 1
2026-08-06T17:40:44, 00:11:40, 1008, Nobody, log, 0, 67, 0, 0, 0, 0, 0, [], ERROR, 0, 0, 0, 0, 0, 0, 0, 0, 0, 0, 0, 0, 0, 0, 0, fwd, SPEED, DRIVER_RUNNING, 0, 20, 15, 1
2026-08-06T17:40:45, 00:11:41, 1010, Nobody, log, 0, 67, 0, 0, 0, 0, 0, [], ERROR, 0, 0, 0, 0, 0, 0, 0, 0, 0, 0, 0, 0, 0, 0, 0, fwd, SPEED, DRIVER_RUNNING, 0, 20, 15, 1
2026-08-06T17:40:46, 00:11:42, 1012, Nobody, log, 0, 67, 0, 0, 0, 0, 0, [], ERROR, 0, 0, 0, 0, 0, 0, 0, 0, 0, 0, 0, 0, 0, 0, 0, fwd, SPEED, DRIVER_RUNNING, 0, 20, 15, 1
2026-08-06T17:40:47, 00:11:43, 1014, Nobody, log, 0, 67, 0, 0, 0, 0, 0, [], ERROR, 0, 0, 0, 0, 0, 0, 0, 0, 0, 0, 0, 0, 0, 0, 0, fwd, SPEED, DRIVER_RUNNING, 0, 20, 15, 1
2026-08-06T17:40:48, 00:11:44, 1016, Nobody, log, 0, 67, 0, 0, 0, 0, 0, [], ERROR, 0, 0, 0, 0, 0, 0, 0, 0, 0, 0, 0, 0, 0, 0, 0, fwd, SPEED, DRIVER_RUNNING, 0, 20, 15, 1
2026-08-06T17:40:49, 00:11:45, 1017, Nobody, log, 0, 67, 0, 0, 0, 0, 0, [], ERROR, 0, 0, 0, 0, 0, 0, 0, 0, 0, 0, 0, 0, 0, 0, 0, fwd, SPEED, DRIVER_RUNNING, 0, 20, 15, 1
2026-08-06T17:40:50, 00:11:46, 1018, Nobody, log, 0, 67, 0, 0, 0, 0, 0, [], ERROR, 0, 0, 0, 0, 0, 0, 0, 0, 0, 0, 0, 0, 0, 0, 0, fwd, SPEED, DRIVER_RUNNING, 0, 20, 15, 1
2026-08-06T17:40:51, 00:11:47, 1020, Nobody, log, 0, 67, 0, 0, 0, 0, 0, [], ERROR, 0, 0, 0, 0, 0, 0, 0, 0, 0, 0, 0, 0, 0, 0, 0, fwd, SPEED, DRIVER_RUNNING, 0, 20, 15, 1
2026-08-06T17:40:52, 00:11:48, 1022, Nobody, log, 0, 67, 0, 0, 0, 0, 0, [], ERROR, 0, 0, 0, 0, 0, 0, 0, 0, 0, 0, 0, 0, 0, 0, 0, fwd, SPEED, DRIVER_RUNNING, 0, 20, 15, 1
2026-08-06T17:40:53, 00:11:49, 1024, Nobody, log, 0, 67, 0, 0, 0, 0, 0, [], ERROR, 0, 0, 0, 0, 0, 0, 0, 0, 0, 0, 0, 0, 0, 0, 0, fwd, SPEED, DRIVER_RUNNING, 0, 20, 15, 1
2026-08-06T17:40:54, 00:11:50, 1026, Nobody, log, 0, 67, 0, 0, 0, 0, 0, [], ERROR, 0, 0, 0, 0, 0, 0, 0, 0, 0, 0, 0, 0, 0, 0, 0, fwd, SPEED, DRIVER_RUNNING, 0, 20, 15, 1
2026-08-06T17:40:55, 00:11:51, 1028, Nobody, log, 0, 67, 0, 0, 0, 0, 0, [], ERROR, 0, 0, 0, 0, 0, 0, 0, 0, 0, 0, 0, 0, 0, 0, 0, fwd, SPEED, DRIVER_RUNNING, 0, 20, 15, 1
2026-08-06T17:40:56, 00:11:52, 1030, Nobody, log, 0, 67, 0, 0, 0, 0, 0, [], ERROR, 0, 0, 0, 0, 0, 0, 0, 0, 0, 0, 0, 0, 0, 0, 0, fwd, SPEED, DRIVER_RUNNING, 0, 20, 15, 1
2026-08-06T17:40:57, 00:11:53, 1032, Nobody, log, 0, 67, 0, 0, 0, 0, 0, [], ERROR, 0, 0, 0, 0, 0, 0, 0, 0, 0, 0, 0, 0, 0, 0, 0, fwd, SPEED, DRIVER_RUNNING, 0, 20, 15, 1
2026-08-06T17:40:58, 00:11:54, 1034, Nobody, log, 0, 67, 0, 0, 0, 0, 0, [], ERROR, 0, 0, 0, 0, 0, 0, 0, 0, 0, 0, 0, 0, 0, 0, 0, fwd, SPEED, DRIVER_RUNNING, 0, 20, 15, 1
2026-08-06T17:40:59, 00:11:55, 1035, Nobody, log, 0, 67, 0, 0, 0, 0, 0, [], ERROR, 0, 0, 0, 0, 0, 0, 0, 0, 0, 0, 0, 0, 0, 0, 0, fwd, SPEED, DRIVER_RUNNING, 0, 20, 15, 1
2026-08-06T17:41:00, 00:11:56, 1037, Nobody, log, 0, 67, 0, 0, 0, 0, 0, [], ERROR, 0, 0, 0, 0, 0, 0, 0, 0, 0, 0, 0, 0, 0, 0, 0, fwd, SPEED, DRIVER_RUNNING, 0, 20, 15, 1
2026-08-06T17:41:01, 00:11:57, 1039, Nobody, log, 0, 67, 0, 0, 0, 0, 0, [], ERROR, 0, 0, 0, 0, 0, 0, 0, 0, 0, 0, 0, 0, 0, 0, 0, fwd, SPEED, DRIVER_RUNNING, 0, 20, 15, 1
2026-08-06T17:41:02, 00:11:58, 1041, Nobody, log, 0, 67, 0, 0, 0, 0, 0, [], ERROR, 0, 0, 0, 0, 0, 0, 0, 0, 0, 0, 0, 0, 0, 0, 0, fwd, SPEED, DRIVER_RUNNING, 0, 20, 15, 1
2026-08-06T17:41:03, 00:11:59, 1043, Nobody, log, 0, 67, 0, 0, 0, 0, 0, [], ERROR, 0, 0, 0, 0, 0, 0, 0, 0, 0, 0, 0, 0, 0, 0, 0, fwd, SPEED, DRIVER_RUNNING, 0, 20, 15, 1
2026-08-06T17:41:04, 00:12:00, 1045, Nobody, log, 0, 67, 0, 0, 0, 0, 0, [], ERROR, 0, 0, 0, 0, 0, 0, 0, 0, 0, 0, 0, 0, 0, 0, 0, fwd, SPEED, DRIVER_RUNNING, 0, 20, 15, 1
2026-08-06T17:41:05, 00:12:01, 1045, Nobody, log, 0, 67, 0, 0, 0, 0, 0, [], ERROR, 0, 0, 0, 0, 0, 0, 0, 0, 0, 0, 0, 0, 0, 0, 0, fwd, SPEED, DRIVER_RUNNING, 0, 20, 15, 1
2026-08-06T17:41:06, 00:12:02, 1046, Nobody, log, 0, 67, 0, 0, 0, 0, 0, [], ERROR, 0, 0, 0, 0, 0, 0, 0, 0, 0, 0, 0, 0, 0, 0, 0, fwd, SPEED, DRIVER_RUNNING, 0, 20, 15, 1
2026-08-06T17:41:07, 00:12:03, 1048, Nobody, log, 0, 67, 0, 0, 0, 0, 0, [], ERROR, 0, 0, 0, 0, 0, 0, 0, 0, 0, 0, 0, 0, 0, 0, 0, fwd, SPEED, DRIVER_RUNNING, 0, 20, 15, 1
2026-08-06T17:41:08, 00:12:04, 1050, Nobody, log, 0, 67, 0, 0, 0, 0, 0, [], ERROR, 0, 0, 0, 0, 0, 0, 0, 0, 0, 0, 0, 0, 0, 0, 0, fwd, SPEED, DRIVER_RUNNING, 0, 20, 15, 1
2026-08-06T17:41:09, 00:12:05, 1051, Nobody, log, 0, 67, 0, 0, 0, 0, 0, [], ERROR, 0, 0, 0, 0, 0, 0, 0, 0, 0, 0, 0, 0, 0, 0, 0, fwd, SPEED, DRIVER_RUNNING, 0, 20, 15, 1
2026-08-06T17:41:10, 00:12:06, 1053, Nobody, log, 0, 67, 0, 0, 0, 0, 0, [], ERROR, 0, 0, 0, 0, 0, 0, 0, 0, 0, 0, 0, 0, 0, 0, 0, fwd, SPEED, DRIVER_RUNNING, 0, 20, 15, 1
2026-08-06T17:41:11, 00:12:07, 1055, Nobody, log, 0, 67, 0, 0, 0, 0, 0, [], ERROR, 0, 0, 0, 0, 0, 0, 0, 0, 0, 0, 0, 0, 0, 0, 0, fwd, SPEED, DRIVER_RUNNING, 0, 20, 15, 1
2026-08-06T17:41:12, 00:12:08, 1057, Nobody, log, 0, 67, 0, 0, 0, 0, 0, [], ERROR, 0, 0, 0, 0, 0, 0, 0, 0, 0, 0, 0, 0, 0, 0, 0, fwd, SPEED, DRIVER_RUNNING, 0, 20, 15, 1
2026-08-06T17:41:13, 00:12:09, 1059, Nobody, log, 0, 67, 0, 0, 0, 0, 0, [], ERROR, 0, 0, 0, 0, 0, 0, 0, 0, 0, 0, 0, 0, 0, 0, 0, fwd, SPEED, DRIVER_RUNNING, 0, 20, 15, 1
2026-08-06T17:41:14, 00:12:10, 1061, Nobody, log, 0, 67, 0, 0, 0, 0, 0, [], ERROR, 0, 0, 0, 0, 0, 0, 0, 0, 0, 0, 0, 0, 0, 0, 0, fwd, SPEED, DRIVER_RUNNING, 0, 20, 15, 1
2026-08-06T17:41:15, 00:12:11, 1063, Nobody, log, 0, 67, 0, 0, 0, 0, 0, [], ERROR, 0, 0, 0, 0, 0, 0, 0, 0, 0, 0, 0, 0, 0, 0, 0, fwd, SPEED, DRIVER_RUNNING, 0, 20, 15, 1
2026-08-06T17:41:16, 00:12:12, 1064, Nobody, log, 0, 67, 0, 0, 0, 0, 0, [], ERROR, 0, 0, 0, 0, 0, 0, 0, 0, 0, 0, 0, 0, 0, 0, 0, fwd, SPEED, DRIVER_RUNNING, 0, 20, 15, 1
2026-08-06T17:41:17, 00:12:13, 1067, Nobody, log, 0, 67, 0, 0, 0, 0, 0, [], ERROR, 0, 0, 0, 0, 0, 0, 0, 0, 0, 0, 0, 0, 0, 0, 0, fwd, SPEED, DRIVER_RUNNING, 0, 20, 15, 1
2026-08-06T17:41:18, 00:12:14, 1069, Nobody, log, 0, 67, 0, 0, 0, 0, 0, [], ERROR, 0, 0, 0, 0, 0, 0, 0, 0, 0, 0, 0, 0, 0, 0, 0, fwd, SPEED, DRIVER_RUNNING, 0, 20, 15, 1
2026-08-06T17:41:19, 00:12:15, 1071, Nobody, log, 0, 67, 0, 0, 0, 0, 0, [], ERROR, 0, 0, 0, 0, 0, 0, 0, 0, 0, 0, 0, 0, 0, 0, 0, fwd, SPEED, DRIVER_RUNNING, 0, 20, 15, 1
2026-08-06T17:41:20, 00:12:16, 1072, Nobody, log, 0, 67, 0, 0, 0, 0, 0, [], ERROR, 0, 0, 0, 0, 0, 0, 0, 0, 0, 0, 0, 0, 0, 0, 0, fwd, SPEED, DRIVER_RUNNING, 0, 20, 15, 1
2026-08-06T17:41:21, 00:12:17, 1074, Nobody, log, 0, 67, 0, 0, 0, 0, 0, [], ERROR, 0, 0, 0, 0, 0, 0, 0, 0, 0, 0, 0, 0, 0, 0, 0, fwd, SPEED, DRIVER_RUNNING, 0, 20, 15, 1
2026-08-06T17:41:22, 00:12:18, 1076, Nobody, log, 0, 67, 0, 0, 0, 0, 0, [], ERROR, 0, 0, 0, 0, 0, 0, 0, 0, 0, 0, 0, 0, 0, 0, 0, fwd, SPEED, DRIVER_RUNNING, 0, 20, 15, 1
2026-08-06T17:41:23, 00:12:19, 1078, Nobody, log, 0, 67, 0, 0, 0, 0, 0, [], ERROR, 0, 0, 0, 0, 0, 0, 0, 0, 0, 0, 0, 0, 0, 0, 0, fwd, SPEED, DRIVER_RUNNING, 0, 20, 15, 1
2026-08-06T17:41:24, 00:12:20, 1080, Nobody, log, 0, 67, 0, 0, 0, 0, 0, [], ERROR, 0, 0, 0, 0, 0, 0, 0, 0, 0, 0, 0, 0, 0, 0, 0, fwd, SPEED, DRIVER_RUNNING, 0, 20, 15, 1
2026-08-06T17:41:25, 00:12:21, 1081, Nobody, log, 0, 67, 0, 0, 0, 0, 0, [], ERROR, 0, 0, 0, 0, 0, 0, 0, 0, 0, 0, 0, 0, 0, 0, 0, fwd, SPEED, DRIVER_RUNNING, 0, 20, 15, 1
2026-08-06T17:41:27, 00:12:23, 1082, Nobody, log, 0, 67, 0, 0, 0, 0, 0, [], ERROR, 0, 0, 0, 0, 0, 0, 0, 0, 0, 0, 0, 0, 0, 0, 0, fwd, SPEED, DRIVER_RUNNING, 0, 20, 15, 1
2026-08-06T17:41:28, 00:12:24, 1083, Nobody, log, 0, 67, 0, 0, 0, 0, 0, [], ERROR, 0, 0, 0, 0, 0, 0, 0, 0, 0, 0, 0, 0, 0, 0, 0, fwd, SPEED, DRIVER_RUNNING, 0, 20, 15, 1
2026-08-06T17:41:29, 00:12:25, 1084, Nobody, log, 0, 67, 0, 0, 0, 0, 0, [], ERROR, 0, 0, 0, 0, 0, 0, 0, 0, 0, 0, 0, 0, 0, 0, 0, fwd, SPEED, DRIVER_RUNNING, 0, 20, 15, 1
2026-08-06T17:41:30, 00:12:26, 1086, Nobody, log, 0, 67, 0, 0, 0, 0, 0, [], ERROR, 0, 0, 0, 0, 0, 0, 0, 0, 0, 0, 0, 0, 0, 0, 0, fwd, SPEED, DRIVER_RUNNING, 0, 20, 15, 1
2026-08-06T17:41:31, 00:12:27, 1088, Nobody, log, 0, 67, 0, 0, 0, 0, 0, [], ERROR, 0, 0, 0, 0, 0, 0, 0, 0, 0, 0, 0, 0, 0, 0, 0, fwd, SPEED, DRIVER_RUNNING, 0, 20, 15, 1
2026-08-06T17:41:32, 00:12:28, 1090, Nobody, log, 0, 67, 0, 0, 0, 0, 0, [], ERROR, 0, 0, 0, 0, 0, 0, 0, 0, 0, 0, 0, 0, 0, 0, 0, fwd, SPEED, DRIVER_RUNNING, 0, 20, 15, 1
2026-08-06T17:41:33, 00:12:29, 1092, Nobody, log, 0, 67, 0, 0, 0, 0, 0, [], ERROR, 0, 0, 0, 0, 0, 0, 0, 0, 0, 0, 0, 0, 0, 0, 0, fwd, SPEED, DRIVER_RUNNING, 0, 20, 15, 1
2026-08-06T17:41:34, 00:12:30, 1094, Nobody, log, 0, 67, 0, 0, 0, 0, 0, [], ERROR, 0, 0, 0, 0, 0, 0, 0, 0, 0, 0, 0, 0, 0, 0, 0, fwd, SPEED, DRIVER_RUNNING, 0, 20, 15, 1
2026-08-06T17:41:35, 00:12:31, 1096, Nobody, log, 0, 67, 0, 0, 0, 0, 0, [], ERROR, 0, 0, 0, 0, 0, 0, 0, 0, 0, 0, 0, 0, 0, 0, 0, fwd, SPEED, DRIVER_RUNNING, 0, 20, 15, 1
2026-08-06T17:41:36, 00:12:32, 1097, Nobody, log, 0, 67, 0, 0, 0, 0, 0, [], ERROR, 0, 0, 0, 0, 0, 0, 0, 0, 0, 0, 0, 0, 0, 0, 0, fwd, SPEED, DRIVER_RUNNING, 0, 20, 15, 1
2026-08-06T17:41:37, 00:12:33, 1098, Nobody, log, 0, 67, 0, 0, 0, 0, 0, [], ERROR, 0, 0, 0, 0, 0, 0, 0, 0, 0, 0, 0, 0, 0, 0, 0, fwd, SPEED, DRIVER_RUNNING, 0, 20, 15, 1
2026-08-06T17:41:38, 00:12:34, 1099, Nobody, log, 0, 67, 0, 0, 0, 0, 0, [], ERROR, 0, 0, 0, 0, 0, 0, 0, 0, 0, 0, 0, 0, 0, 0, 0, fwd, SPEED, DRIVER_RUNNING, 0, 20, 15, 1
2026-08-06T17:41:39, 00:12:35, 1101, Nobody, log, 0, 67, 0, 0, 0, 0, 0, [], ERROR, 0, 0, 0, 0, 0, 0, 0, 0, 0, 0, 0, 0, 0, 0, 0, fwd, SPEED, DRIVER_RUNNING, 0, 20, 15, 1
2026-08-06T17:41:40, 00:12:36, 1103, Nobody, log, 0, 67, 0, 0, 0, 0, 0, [], ERROR, 0, 0, 0, 0, 0, 0, 0, 0, 0, 0, 0, 0, 0, 0, 0, fwd, SPEED, DRIVER_RUNNING, 0, 20, 15, 1
2026-08-06T17:41:41, 00:12:37, 1105, Nobody, log, 0, 67, 0, 0, 0, 0, 0, [], ERROR, 0, 0, 0, 0, 0, 0, 0, 0, 0, 0, 0, 0, 0, 0, 0, fwd, SPEED, DRIVER_RUNNING, 0, 20, 15, 1
2026-08-06T17:41:42, 00:12:38, 1105, Nobody, log, 0, 67, 0, 0, 0, 0, 0, [], ERROR, 0, 0, 0, 0, 0, 0, 0, 0, 0, 0, 0, 0, 0, 0, 0, fwd, SPEED, DRIVER_RUNNING, 0, 20, 15, 1
2026-08-06T17:41:43, 00:12:39, 1108, Nobody, log, 0, 67, 0, 0, 0, 0, 0, [], ERROR, 0, 0, 0, 0, 0, 0, 0, 0, 0, 0, 0, 0, 0, 0, 0, fwd, SPEED, DRIVER_RUNNING, 0, 20, 15, 1
2026-08-06T17:41:44, 00:12:40, 1110, Nobody, log, 0, 67, 0, 0, 0, 0, 0, [], ERROR, 0, 0, 0, 0, 0, 0, 0, 0, 0, 0, 0, 0, 0, 0, 0, fwd, SPEED, DRIVER_RUNNING, 0, 20, 15, 1
2026-08-06T17:41:45, 00:12:41, 1112, Nobody, log, 0, 67, 0, 0, 0, 0, 0, [], ERROR, 0, 0, 0, 0, 0, 0, 0, 0, 0, 0, 0, 0, 0, 0, 0, fwd, SPEED, DRIVER_RUNNING, 0, 20, 15, 1
2026-08-06T17:41:46, 00:12:42, 1114, Nobody, log, 0, 67, 0, 0, 0, 0, 0, [], ERROR, 0, 0, 0, 0, 0, 0, 0, 0, 0, 0, 0, 0, 0, 0, 0, fwd, SPEED, DRIVER_RUNNING, 0, 20, 15, 1
2026-08-06T17:41:47, 00:12:43, 1116, Nobody, log, 0, 67, 0, 0, 0, 0, 0, [], ERROR, 0, 0, 0, 0, 0, 0, 0, 0, 0, 0, 0, 0, 0, 0, 0, fwd, SPEED, DRIVER_RUNNING, 0, 20, 15, 1
2026-08-06T17:41:48, 00:12:44, 1118, Nobody, log, 0, 67, 0, 0, 0, 0, 0, [], ERROR, 0, 0, 0, 0, 0, 0, 0, 0, 0, 0, 0, 0, 0, 0, 0, fwd, SPEED, DRIVER_RUNNING, 0, 20, 15, 1
2026-08-06T17:41:49, 00:12:45, 1120, Nobody, log, 0, 67, 0, 0, 0, 0, 0, [], ERROR, 0, 0, 0, 0, 0, 0, 0, 0, 0, 0, 0, 0, 0, 0, 0, fwd, SPEED, DRIVER_RUNNING, 0, 20, 15, 1
2026-08-06T17:41:50, 00:12:46, 1122, Nobody, log, 0, 67, 0, 0, 0, 0, 0, [], ERROR, 0, 0, 0, 0, 0, 0, 0, 0, 0, 0, 0, 0, 0, 0, 0, fwd, SPEED, DRIVER_RUNNING, 0, 20, 15, 1
2026-08-06T17:41:51, 00:12:47, 1124, Nobody, log, 0, 67, 0, 0, 0, 0, 0, [], ERROR, 0, 0, 0, 0, 0, 0, 0, 0, 0, 0, 0, 0, 0, 0, 0, fwd, SPEED, DRIVER_RUNNING, 0, 20, 15, 1
2026-08-06T17:41:52, 00:12:48, 1124, Nobody, log, 0, 67, 0, 0, 0, 0, 0, [], ERROR, 0, 0, 0, 0, 0, 0, 0, 0, 0, 0, 0, 0, 0, 0, 0, fwd, SPEED, DRIVER_RUNNING, 0, 20, 15, 1
2026-08-06T17:41:53, 00:12:49, 1125, Nobody, log, 0, 67, 0, 0, 0, 0, 0, [], ERROR, 0, 0, 0, 0, 0, 0, 0, 0, 0, 0, 0, 0, 0, 0, 0, fwd, SPEED, DRIVER_RUNNING, 0, 20, 15, 1
2026-08-06T17:41:54, 00:12:50, 1127, Nobody, log, 0, 67, 0, 0, 0, 0, 0, [], ERROR, 0, 0, 0, 0, 0, 0, 0, 0, 0, 0, 0, 0, 0, 0, 0, fwd, SPEED, DRIVER_RUNNING, 0, 20, 15, 1
2026-08-06T17:41:55, 00:12:51, 1129, Nobody, log, 0, 67, 0, 0, 0, 0, 0, [], ERROR, 0, 0, 0, 0, 0, 0, 0, 0, 0, 0, 0, 0, 0, 0, 0, fwd, SPEED, DRIVER_RUNNING, 0, 20, 15, 1
2026-08-06T17:41:56, 00:12:52, 1130, Nobody, log, 0, 67, 0, 0, 0, 0, 0, [], ERROR, 0, 0, 0, 0, 0, 0, 0, 0, 0, 0, 0, 0, 0, 0, 0, fwd, SPEED, DRIVER_RUNNING, 0, 20, 15, 1
2026-08-06T17:41:57, 00:12:53, 1132, Nobody, log, 0, 67, 0, 0, 0, 0, 0, [], ERROR, 0, 0, 0, 0, 0, 0, 0, 0, 0, 0, 0, 0, 0, 0, 0, fwd, SPEED, DRIVER_RUNNING, 0, 20, 15, 1
2026-08-06T17:41:58, 00:12:54, 1129, Nobody, log, 0, 67, 0, 0, 0, 0, 0, [], ERROR, 0, 0, 0, 0, 0, 0, 0, 0, 0, 0, 0, 0, 0, 0, 0, fwd, SPEED, DRIVER_RUNNING, 0, 20, 15, 1
2026-08-06T17:41:59, 00:12:55, 1130, Nobody, log, 0, 67, 0, 0, 0, 0, 0, [], ERROR, 0, 0, 0, 0, 0, 0, 0, 0, 0, 0, 0, 0, 0, 0, 0, fwd, SPEED, DRIVER_RUNNING, 0, 20, 15, 1
2026-08-06T17:42:00, 00:12:56, 1132, Nobody, log, 0, 67, 0, 0, 0, 0, 0, [], ERROR, 0, 0, 0, 0, 0, 0, 0, 0, 0, 0, 0, 0, 0, 0, 0, fwd, SPEED, DRIVER_RUNNING, 0, 20, 15, 1
2026-08-06T17:42:01, 00:12:57, 1133, Nobody, log, 0, 67, 0, 0, 0, 0, 0, [], ERROR, 0, 0, 0, 0, 0, 0, 0, 0, 0, 0, 0, 0, 0, 0, 0, fwd, SPEED, DRIVER_RUNNING, 0, 20, 15, 1
2026-08-06T17:42:02, 00:12:58, 1133, Nobody, log, 0, 67, 0, 0, 0, 0, 0, [], ERROR, 0, 0, 0, 0, 0, 0, 0, 0, 0, 0, 0, 0, 0, 0, 0, fwd, SPEED, DRIVER_RUNNING, 0, 20, 15, 1
2026-08-06T17:42:03, 00:12:59, 1137, Nobody, log, 0, 67, 0, 0, 0, 0, 0, [], ERROR, 0, 0, 0, 0, 0, 0, 0, 0, 0, 0, 0, 0, 0, 0, 0, fwd, SPEED, DRIVER_RUNNING, 0, 20, 15, 1
2026-08-06T17:42:04, 00:13:00, 1139, Nobody, log, 0, 67, 0, 0, 0, 0, 0, [], ERROR, 0, 0, 0, 0, 0, 0, 0, 0, 0, 0, 0, 0, 0, 0, 0, fwd, SPEED, DRIVER_RUNNING, 0, 20, 15, 1
2026-08-06T17:42:05, 00:13:01, 1141, Nobody, log, 0, 67, 0, 0, 0, 0, 0, [], ERROR, 0, 0, 0, 0, 0, 0, 0, 0, 0, 0, 0, 0, 0, 0, 0, fwd, SPEED, DRIVER_RUNNING, 0, 20, 15, 1
2026-08-06T17:42:06, 00:13:02, 1142, Nobody, log, 0, 67, 0, 0, 0, 0, 0, [], ERROR, 0, 0, 0, 0, 0, 0, 0, 0, 0, 0, 0, 0, 0, 0, 0, fwd, SPEED, DRIVER_RUNNING, 0, 20, 15, 1
2026-08-06T17:42:07, 00:13:03, 1144, Nobody, log, 0, 67, 0, 0, 0, 0, 0, [], ERROR, 0, 0, 0, 0, 0, 0, 0, 0, 0, 0, 0, 0, 0, 0, 0, fwd, SPEED, DRIVER_RUNNING, 0, 20, 15, 1
2026-08-06T17:42:08, 00:13:04, 1146, Nobody, log, 0, 67, 0, 0, 0, 0, 0, [], ERROR, 0, 0, 0, 0, 0, 0, 0, 0, 0, 0, 0, 0, 0, 0, 0, fwd, SPEED, DRIVER_RUNNING, 0, 20, 15, 1
2026-08-06T17:42:09, 00:13:05, 1148, Nobody, log, 0, 67, 0, 0, 0, 0, 0, [], ERROR, 0, 0, 0, 0, 0, 0, 0, 0, 0, 0, 0, 0, 0, 0, 0, fwd, SPEED, DRIVER_RUNNING, 0, 20, 15, 1
2026-08-06T17:42:10, 00:13:06, 1150, Nobody, log, 0, 67, 0, 0, 0, 0, 0, [], ERROR, 0, 0, 0, 0, 0, 0, 0, 0, 0, 0, 0, 0, 0, 0, 0, fwd, SPEED, DRIVER_RUNNING, 0, 20, 15, 1
2026-08-06T17:42:11, 00:13:07, 1150, Nobody, log, 0, 67, 0, 0, 0, 0, 0, [], ERROR, 0, 0, 0, 0, 0, 0, 0, 0, 0, 0, 0, 0, 0, 0, 0, fwd, SPEED, DRIVER_RUNNING, 0, 20, 15, 1
2026-08-06T17:42:12, 00:13:08, 1153, Nobody, log, 0, 67, 0, 0, 0, 0, 0, [], ERROR, 0, 0, 0, 0, 0, 0, 0, 0, 0, 0, 0, 0, 0, 0, 0, fwd, SPEED, DRIVER_RUNNING, 0, 20, 15, 1
2026-08-06T17:42:13, 00:13:09, 1155, Nobody, log, 0, 67, 0, 0, 0, 0, 0, [], ERROR, 0, 0, 0, 0, 0, 0, 0, 0, 0, 0, 0, 0, 0, 0, 0, fwd, SPEED, DRIVER_RUNNING, 0, 20, 15, 1
2026-08-06T17:42:14, 00:13:10, 1157, Nobody, log, 0, 67, 0, 0, 0, 0, 0, [], ERROR, 0, 0, 0, 0, 0, 0, 0, 0, 0, 0, 0, 0, 0, 0, 0, fwd, SPEED, DRIVER_RUNNING, 0, 20, 15, 1
2026-08-06T17:42:15, 00:13:11, 1159, Nobody, log, 0, 67, 0, 0, 0, 0, 0, [], ERROR, 0, 0, 0, 0, 0, 0, 0, 0, 0, 0, 0, 0, 0, 0, 0, fwd, SPEED, DRIVER_RUNNING, 0, 20, 15, 1
2026-08-06T17:42:16, 00:13:12, 1161, Nobody, log, 0, 67, 0, 0, 0, 0, 0, [], ERROR, 0, 0, 0, 0, 0, 0, 0, 0, 0, 0, 0, 0, 0, 0, 0, fwd, SPEED, DRIVER_RUNNING, 0, 20, 15, 1
2026-08-06T17:42:17, 00:13:13, 1162, Nobody, log, 0, 67, 0, 0, 0, 0, 0, [], ERROR, 0, 0, 0, 0, 0, 0, 0, 0, 0, 0, 0, 0, 0, 0, 0, fwd, SPEED, DRIVER_RUNNING, 0, 20, 15, 1
2026-08-06T17:42:18, 00:13:14, 1163, Nobody, log, 0, 67, 0, 0, 0, 0, 0, [], ERROR, 0, 0, 0, 0, 0, 0, 0, 0, 0, 0, 0, 0, 0, 0, 0, fwd, SPEED, DRIVER_RUNNING, 0, 20, 15, 1
2026-08-06T17:42:20, 00:13:16, 1164, Nobody, log, 0, 67, 0, 0, 0, 0, 0, [], ERROR, 0, 0, 0, 0, 0, 0, 0, 0, 0, 0, 0, 0, 0, 0, 0, fwd, SPEED, DRIVER_RUNNING, 0, 20, 15, 1
2026-08-06T17:42:21, 00:13:17, 1166, Nobody, log, 0, 67, 0, 0, 0, 0, 0, [], ERROR, 0, 0, 0, 0, 0, 0, 0, 0, 0, 0, 0, 0, 0, 0, 0, fwd, SPEED, DRIVER_RUNNING, 0, 20, 15, 1
2026-08-06T17:42:22, 00:13:18, 1168, Nobody, log, 0, 67, 0, 0, 0, 0, 0, [], ERROR, 0, 0, 0, 0, 0, 0, 0, 0, 0, 0, 0, 0, 0, 0, 0, fwd, SPEED, DRIVER_RUNNING, 0, 20, 15, 1
2026-08-06T17:42:23, 00:13:19, 1169, Nobody, log, 0, 67, 0, 0, 0, 0, 0, [], ERROR, 0, 0, 0, 0, 0, 0, 0, 0, 0, 0, 0, 0, 0, 0, 0, fwd, SPEED, DRIVER_RUNNING, 0, 20, 15, 1
2026-08-06T17:42:24, 00:13:20, 1171, Nobody, log, 0, 67, 0, 0, 0, 0, 0, [], ERROR, 0, 0, 0, 0, 0, 0, 0, 0, 0, 0, 0, 0, 0, 0, 0, fwd, SPEED, DRIVER_RUNNING, 0, 20, 15, 1
2026-08-06T17:42:25, 00:13:21, 1173, Nobody, log, 0, 67, 0, 0, 0, 0, 0, [], ERROR, 0, 0, 0, 0, 0, 0, 0, 0, 0, 0, 0, 0, 0, 0, 0, fwd, SPEED, DRIVER_RUNNING, 0, 20, 15, 1
2026-08-06T17:42:26, 00:13:22, 1175, Nobody, log, 0, 67, 0, 0, 0, 0, 0, [], ERROR, 0, 0, 0, 0, 0, 0, 0, 0, 0, 0, 0, 0, 0, 0, 0, fwd, SPEED, DRIVER_RUNNING, 0, 20, 15, 1
2026-08-06T17:42:27, 00:13:23, 1177, Nobody, log, 0, 67, 0, 0, 0, 0, 0, [], ERROR, 0, 0, 0, 0, 0, 0, 0, 0, 0, 0, 0, 0, 0, 0, 0, fwd, SPEED, DRIVER_RUNNING, 0, 20, 15, 1
2026-08-06T17:42:28, 00:13:24, 1178, Nobody, log, 0, 67, 0, 0, 0, 0, 0, [], ERROR, 0, 0, 0, 0, 0, 0, 0, 0, 0, 0, 0, 0, 0, 0, 0, fwd, SPEED, DRIVER_RUNNING, 0, 20, 15, 1
2026-08-06T17:42:29, 00:13:25, 1179, Nobody, log, 0, 67, 0, 0, 0, 0, 0, [], ERROR, 0, 0, 0, 0, 0, 0, 0, 0, 0, 0, 0, 0, 0, 0, 0, fwd, SPEED, DRIVER_RUNNING, 0, 20, 15, 1
2026-08-06T17:42:30, 00:13:26, 1181, Nobody, log, 0, 67, 0, 0, 0, 0, 0, [], ERROR, 0, 0, 0, 0, 0, 0, 0, 0, 0, 0, 0, 0, 0, 0, 0, fwd, SPEED, DRIVER_RUNNING, 0, 20, 15, 1
2026-08-06T17:42:31, 00:13:27, 1183, Nobody, log, 0, 67, 0, 0, 0, 0, 0, [], ERROR, 0, 0, 0, 0, 0, 0, 0, 0, 0, 0, 0, 0, 0, 0, 0, fwd, SPEED, DRIVER_RUNNING, 0, 20, 15, 1
2026-08-06T17:42:32, 00:13:28, 1185, Nobody, log, 0, 67, 0, 0, 0, 0, 0, [], ERROR, 0, 0, 0, 0, 0, 0, 0, 0, 0, 0, 0, 0, 0, 0, 0, fwd, SPEED, DRIVER_RUNNING, 0, 20, 15, 1
2026-08-06T17:42:33, 00:13:29, 1186, Nobody, log, 0, 67, 0, 0, 0, 0, 0, [], ERROR, 0, 0, 0, 0, 0, 0, 0, 0, 0, 0, 0, 0, 0, 0, 0, fwd, SPEED, DRIVER_RUNNING, 0, 20, 15, 1
2026-08-06T17:42:34, 00:13:30, 1187, Nobody, log, 0, 67, 0, 0, 0, 0, 0, [], ERROR, 0, 0, 0, 0, 0, 0, 0, 0, 0, 0, 0, 0, 0, 0, 0, fwd, SPEED, DRIVER_RUNNING, 0, 20, 15, 1
2026-08-06T17:42:35, 00:13:31, 1188, Nobody, log, 0, 67, 0, 0, 0, 0, 0, [], ERROR, 0, 0, 0, 0, 0, 0, 0, 0, 0, 0, 0, 0, 0, 0, 0, fwd, SPEED, DRIVER_RUNNING, 0, 20, 15, 1
2026-08-06T17:42:36, 00:13:32, 1190, Nobody, log, 0, 67, 0, 0, 0, 0, 0, [], ERROR, 0, 0, 0, 0, 0, 0, 0, 0, 0, 0, 0, 0, 0, 0, 0, fwd, SPEED, DRIVER_RUNNING, 0, 20, 15, 1
2026-08-06T17:42:37, 00:13:33, 1191, Nobody, log, 0, 67, 0, 0, 0, 0, 0, [], ERROR, 0, 0, 0, 0, 0, 0, 0, 0, 0, 0, 0, 0, 0, 0, 0, fwd, SPEED, DRIVER_RUNNING, 0, 20, 15, 1
2026-08-06T17:42:38, 00:13:34, 1192, Nobody, log, 0, 67, 0, 0, 0, 0, 0, [], ERROR, 0, 0, 0, 0, 0, 0, 0, 0, 0, 0, 0, 0, 0, 0, 0, fwd, SPEED, DRIVER_RUNNING, 0, 20, 15, 1
2026-08-06T17:42:39, 00:13:35, 1193, Nobody, log, 0, 67, 0, 0, 0, 0, 0, [], ERROR, 0, 0, 0, 0, 0, 0, 0, 0, 0, 0, 0, 0, 0, 0, 0, fwd, SPEED, DRIVER_RUNNING, 0, 20, 15, 1
2026-08-06T17:42:40, 00:13:36, 1195, Nobody, log, 0, 67, 0, 0, 0, 0, 0, [], ERROR, 0, 0, 0, 0, 0, 0, 0, 0, 0, 0, 0, 0, 0, 0, 0, fwd, SPEED, DRIVER_RUNNING, 0, 20, 15, 1
2026-08-06T17:42:41, 00:13:37, 1197, Nobody, log, 0, 67, 0, 0, 0, 0, 0, [], ERROR, 0, 0, 0, 0, 0, 0, 0, 0, 0, 0, 0, 0, 0, 0, 0, fwd, SPEED, DRIVER_RUNNING, 0, 20, 15, 1
2026-08-06T17:42:42, 00:13:38, 1199, Nobody, log, 0, 67, 0, 0, 0, 0, 0, [], ERROR, 0, 0, 0, 0, 0, 0, 0, 0, 0, 0, 0, 0, 0, 0, 0, fwd, SPEED, DRIVER_RUNNING, 0, 20, 15, 1
2026-08-06T17:42:43, 00:13:39, 1200, Nobody, log, 0, 67, 0, 0, 0, 0, 0, [], ERROR, 0, 0, 0, 0, 0, 0, 0, 0, 0, 0, 0, 0, 0, 0, 0, fwd, SPEED, DRIVER_RUNNING, 0, 20, 15, 1
2026-08-06T17:42:44, 00:13:40, 1201, Nobody, log, 0, 67, 0, 0, 0, 0, 0, [], ERROR, 0, 0, 0, 0, 0, 0, 0, 0, 0, 0, 0, 0, 0, 0, 0, fwd, SPEED, DRIVER_RUNNING, 0, 20, 15, 1
2026-08-06T17:42:45, 00:13:41, 1202, Nobody, log, 0, 67, 0, 0, 0, 0, 0, [], ERROR, 0, 0, 0, 0, 0, 0, 0, 0, 0, 0, 0, 0, 0, 0, 0, fwd, SPEED, DRIVER_RUNNING, 0, 20, 15, 1
2026-08-06T17:42:46, 00:13:42, 1203, Nobody, log, 0, 67, 0, 0, 0, 0, 0, [], ERROR, 0, 0, 0, 0, 0, 0, 0, 0, 0, 0, 0, 0, 0, 0, 0, fwd, SPEED, DRIVER_RUNNING, 0, 20, 15, 1
2026-08-06T17:42:47, 00:13:43, 1204, Nobody, log, 0, 67, 0, 0, 0, 0, 0, [], ERROR, 0, 0, 0, 0, 0, 0, 0, 0, 0, 0, 0, 0, 0, 0, 0, fwd, SPEED, DRIVER_RUNNING, 0, 20, 15, 1
2026-08-06T17:42:48, 00:13:44, 1205, Nobody, log, 0, 67, 0, 0, 0, 0, 0, [], ERROR, 0, 0, 0, 0, 0, 0, 0, 0, 0, 0, 0, 0, 0, 0, 0, fwd, SPEED, DRIVER_RUNNING, 0, 20, 15, 1
2026-08-06T17:42:49, 00:13:45, 1206, Nobody, log, 0, 67, 0, 0, 0, 0, 0, [], ERROR, 0, 0, 0, 0, 0, 0, 0, 0, 0, 0, 0, 0, 0, 0, 0, fwd, SPEED, DRIVER_RUNNING, 0, 20, 15, 1
2026-08-06T17:42:50, 00:13:46, 1207, Nobody, log, 0, 67, 0, 0, 0, 0, 0, [], ERROR, 0, 0, 0, 0, 0, 0, 0, 0, 0, 0, 0, 0, 0, 0, 0, fwd, SPEED, DRIVER_RUNNING, 0, 20, 15, 1
2026-08-06T17:42:51, 00:13:47, 1209, Nobody, log, 0, 67, 0, 0, 0, 0, 0, [], ERROR, 0, 0, 0, 0, 0, 0, 0, 0, 0, 0, 0, 0, 0, 0, 0, fwd, SPEED, DRIVER_RUNNING, 0, 20, 15, 1
2026-08-06T17:42:52, 00:13:48, 1210, Nobody, log, 0, 67, 0, 0, 0, 0, 0, [], ERROR, 0, 0, 0, 0, 0, 0, 0, 0, 0, 0, 0, 0, 0, 0, 0, fwd, SPEED, DRIVER_RUNNING, 0, 20, 15, 1
2026-08-06T17:42:53, 00:13:49, 1211, Nobody, log, 0, 67, 0, 0, 0, 0, 0, [], ERROR, 0, 0, 0, 0, 0, 0, 0, 0, 0, 0, 0, 0, 0, 0, 0, fwd, SPEED, DRIVER_RUNNING, 0, 20, 15, 1
2026-08-06T17:42:54, 00:13:50, 1213, Nobody, log, 0, 67, 0, 0, 0, 0, 0, [], ERROR, 0, 0, 0, 0, 0, 0, 0, 0, 0, 0, 0, 0, 0, 0, 0, fwd, SPEED, DRIVER_RUNNING, 0, 20, 15, 1
2026-08-06T17:42:55, 00:13:51, 1215, Nobody, log, 0, 67, 0, 0, 0, 0, 0, [], ERROR, 0, 0, 0, 0, 0, 0, 0, 0, 0, 0, 0, 0, 0, 0, 0, fwd, SPEED, DRIVER_RUNNING, 0, 20, 15, 1
2026-08-06T17:42:56, 00:13:52, 1217, Nobody, log, 0, 67, 0, 0, 0, 0, 0, [], ERROR, 0, 0, 0, 0, 0, 0, 0, 0, 0, 0, 0, 0, 0, 0, 0, fwd, SPEED, DRIVER_RUNNING, 0, 20, 15, 1
2026-08-06T17:42:57, 00:13:53, 1219, Nobody, log, 0, 67, 0, 0, 0, 0, 0, [], ERROR, 0, 0, 0, 0, 0, 0, 0, 0, 0, 0, 0, 0, 0, 0, 0, fwd, SPEED, DRIVER_RUNNING, 0, 20, 15, 1
2026-08-06T17:42:58, 00:13:54, 1220, Nobody, log, 0, 67, 0, 0, 0, 0, 0, [], ERROR, 0, 0, 0, 0, 0, 0, 0, 0, 0, 0, 0, 0, 0, 0, 0, fwd, SPEED, DRIVER_RUNNING, 0, 20, 15, 1
2026-08-06T17:42:59, 00:13:55, 1222, Nobody, log, 0, 67, 0, 0, 0, 0, 0, [], ERROR, 0, 0, 0, 0, 0, 0, 0, 0, 0, 0, 0, 0, 0, 0, 0, fwd, SPEED, DRIVER_RUNNING, 0, 20, 15, 1
2026-08-06T17:43:00, 00:13:56, 1224, Nobody, log, 0, 67, 0, 0, 0, 0, 0, [], ERROR, 0, 0, 0, 0, 0, 0, 0, 0, 0, 0, 0, 0, 0, 0, 0, fwd, SPEED, DRIVER_RUNNING, 0, 20, 15, 1
2026-08-06T17:43:01, 00:13:57, 1226, Nobody, log, 0, 67, 0, 0, 0, 0, 0, [], ERROR, 0, 0, 0, 0, 0, 0, 0, 0, 0, 0, 0, 0, 0, 0, 0, fwd, SPEED, DRIVER_RUNNING, 0, 20, 15, 1
2026-08-06T17:43:02, 00:13:58, 1228, Nobody, log, 0, 67, 0, 0, 0, 0, 0, [], ERROR, 0, 0, 0, 0, 0, 0, 0, 0, 0, 0, 0, 0, 0, 0, 0, fwd, SPEED, DRIVER_RUNNING, 0, 20, 15, 1
2026-08-06T17:43:03, 00:13:59, 1230, Nobody, log, 0, 67, 0, 0, 0, 0, 0, [], ERROR, 0, 0, 0, 0, 0, 0, 0, 0, 0, 0, 0, 0, 0, 0, 0, fwd, SPEED, DRIVER_RUNNING, 0, 20, 15, 1
2026-08-06T17:43:04, 00:14:00, 1232, Nobody, log, 0, 67, 0, 0, 0, 0, 0, [], ERROR, 0, 0, 0, 0, 0, 0, 0, 0, 0, 0, 0, 0, 0, 0, 0, fwd, SPEED, DRIVER_RUNNING, 0, 20, 15, 1
2026-08-06T17:43:05, 00:14:01, 1234, Nobody, log, 0, 67, 0, 0, 0, 0, 0, [], ERROR, 0, 0, 0, 0, 0, 0, 0, 0, 0, 0, 0, 0, 0, 0, 0, fwd, SPEED, DRIVER_RUNNING, 0, 20, 15, 1
2026-08-06T17:43:06, 00:14:02, 1236, Nobody, log, 0, 67, 0, 0, 0, 0, 0, [], ERROR, 0, 0, 0, 0, 0, 0, 0, 0, 0, 0, 0, 0, 0, 0, 0, fwd, SPEED, DRIVER_RUNNING, 0, 20, 15, 1
2026-08-06T17:43:07, 00:14:03, 1238, Nobody, log, 0, 67, 0, 0, 0, 0, 0, [], ERROR, 0, 0, 0, 0, 0, 0, 0, 0, 0, 0, 0, 0, 0, 0, 0, fwd, SPEED, DRIVER_RUNNING, 0, 20, 15, 1
2026-08-06T17:43:08, 00:14:04, 1240, Nobody, log, 0, 67, 0, 0, 0, 0, 0, [], ERROR, 0, 0, 0, 0, 0, 0, 0, 0, 0, 0, 0, 0, 0, 0, 0, fwd, SPEED, DRIVER_RUNNING, 0, 20, 15, 1
2026-08-06T17:43:09, 00:14:05, 1242, Nobody, log, 0, 67, 0, 0, 0, 0, 0, [], ERROR, 0, 0, 0, 0, 0, 0, 0, 0, 0, 0, 0, 0, 0, 0, 0, fwd, SPEED, DRIVER_RUNNING, 0, 20, 15, 1
2026-08-06T17:43:10, 00:14:06, 1244, Nobody, log, 0, 67, 0, 0, 0, 0, 0, [], ERROR, 0, 0, 0, 0, 0, 0, 0, 0, 0, 0, 0, 0, 0, 0, 0, fwd, SPEED, DRIVER_RUNNING, 0, 20, 15, 1
2026-08-06T17:43:12, 00:14:08, 1246, Nobody, log, 0, 67, 0, 0, 0, 0, 0, [], ERROR, 0, 0, 0, 0, 0, 0, 0, 0, 0, 0, 0, 0, 0, 0, 0, fwd, SPEED, DRIVER_RUNNING, 0, 20, 15, 1
2026-08-06T17:43:13, 00:14:09, 1248, Nobody, log, 0, 67, 0, 0, 0, 0, 0, [], ERROR, 0, 0, 0, 0, 0, 0, 0, 0, 0, 0, 0, 0, 0, 0, 0, fwd, SPEED, DRIVER_RUNNING, 0, 20, 15, 1
2026-08-06T17:43:14, 00:14:10, 1249, Nobody, log, 0, 67, 0, 0, 0, 0, 0, [], ERROR, 0, 0, 0, 0, 0, 0, 0, 0, 0, 0, 0, 0, 0, 0, 0, fwd, SPEED, DRIVER_RUNNING, 0, 20, 15, 1
2026-08-06T17:43:15, 00:14:11, 1251, Nobody, log, 0, 67, 0, 0, 0, 0, 0, [], ERROR, 0, 0, 0, 0, 0, 0, 0, 0, 0, 0, 0, 0, 0, 0, 0, fwd, SPEED, DRIVER_RUNNING, 0, 20, 15, 1
2026-08-06T17:43:16, 00:14:12, 1253, Nobody, log, 0, 67, 0, 0, 0, 0, 0, [], ERROR, 0, 0, 0, 0, 0, 0, 0, 0, 0, 0, 0, 0, 0, 0, 0, fwd, SPEED, DRIVER_RUNNING, 0, 20, 15, 1
2026-08-06T17:43:17, 00:14:13, 1255, Nobody, log, 0, 67, 0, 0, 0, 0, 0, [], ERROR, 0, 0, 0, 0, 0, 0, 0, 0, 0, 0, 0, 0, 0, 0, 0, fwd, SPEED, DRIVER_RUNNING, 0, 20, 15, 1
2026-08-06T17:43:18, 00:14:14, 1257, Nobody, log, 0, 67, 0, 0, 0, 0, 0, [], ERROR, 0, 0, 0, 0, 0, 0, 0, 0, 0, 0, 0, 0, 0, 0, 0, fwd, SPEED, DRIVER_RUNNING, 0, 20, 15, 1
2026-08-06T17:43:19, 00:14:15, 1259, Nobody, log, 0, 67, 0, 0, 0, 0, 0, [], ERROR, 0, 0, 0, 0, 0, 0, 0, 0, 0, 0, 0, 0, 0, 0, 0, fwd, SPEED, DRIVER_RUNNING, 0, 20, 15, 1
2026-08-06T17:43:20, 00:14:16, 1259, Nobody, log, 0, 67, 0, 0, 0, 0, 0, [], ERROR, 0, 0, 0, 0, 0, 0, 0, 0, 0, 0, 0, 0, 0, 0, 0, fwd, SPEED, DRIVER_RUNNING, 0, 20, 15, 1
2026-08-06T17:43:21, 00:14:17, 1260, Nobody, log, 0, 67, 0, 0, 0, 0, 0, [], ERROR, 0, 0, 0, 0, 0, 0, 0, 0, 0, 0, 0, 0, 0, 0, 0, fwd, SPEED, DRIVER_RUNNING, 0, 20, 15, 1
2026-08-06T17:43:22, 00:14:18, 1262, Nobody, log, 0, 67, 0, 0, 0, 0, 0, [], ERROR, 0, 0, 0, 0, 0, 0, 0, 0, 0, 0, 0, 0, 0, 0, 0, fwd, SPEED, DRIVER_RUNNING, 0, 20, 15, 1
2026-08-06T17:43:23, 00:14:19, 1264, Nobody, log, 0, 67, 0, 0, 0, 0, 0, [], ERROR, 0, 0, 0, 0, 0, 0, 0, 0, 0, 0, 0, 0, 0, 0, 0, fwd, SPEED, DRIVER_RUNNING, 0, 20, 15, 1
2026-08-06T17:43:24, 00:14:20, 1266, Nobody, log, 0, 67, 0, 0, 0, 0, 0, [], ERROR, 0, 0, 0, 0, 0, 0, 0, 0, 0, 0, 0, 0, 0, 0, 0, fwd, SPEED, DRIVER_RUNNING, 0, 20, 15, 1
2026-08-06T17:43:25, 00:14:21, 1268, Nobody, log, 0, 67, 0, 0, 0, 0, 0, [], ERROR, 0, 0, 0, 0, 0, 0, 0, 0, 0, 0, 0, 0, 0, 0, 0, fwd, SPEED, DRIVER_RUNNING, 0, 20, 15, 1
2026-08-06T17:43:26, 00:14:22, 1270, Nobody, log, 0, 67, 0, 0, 0, 0, 0, [], ERROR, 0, 0, 0, 0, 0, 0, 0, 0, 0, 0, 0, 0, 0, 0, 0, fwd, SPEED, DRIVER_RUNNING, 0, 20, 15, 1
2026-08-06T17:43:27, 00:14:23, 1272, Nobody, log, 0, 67, 0, 0, 0, 0, 0, [], ERROR, 0, 0, 0, 0, 0, 0, 0, 0, 0, 0, 0, 0, 0, 0, 0, fwd, SPEED, DRIVER_RUNNING, 0, 20, 15, 1
2026-08-06T17:43:28, 00:14:24, 1274, Nobody, log, 0, 67, 0, 0, 0, 0, 0, [], ERROR, 0, 0, 0, 0, 0, 0, 0, 0, 0, 0, 0, 0, 0, 0, 0, fwd, SPEED, DRIVER_RUNNING, 0, 20, 15, 1
2026-08-06T17:43:29, 00:14:25, 1276, Nobody, log, 0, 67, 0, 0, 0, 0, 0, [], ERROR, 0, 0, 0, 0, 0, 0, 0, 0, 0, 0, 0, 0, 0, 0, 0, fwd, SPEED, DRIVER_RUNNING, 0, 20, 15, 1
2026-08-06T17:43:30, 00:14:26, 1278, Nobody, log, 0, 67, 0, 0, 0, 0, 0, [], ERROR, 0, 0, 0, 0, 0, 0, 0, 0, 0, 0, 0, 0, 0, 0, 0, fwd, SPEED, DRIVER_RUNNING, 0, 20, 15, 1
2026-08-06T17:43:31, 00:14:27, 1280, Nobody, log, 0, 67, 0, 0, 0, 0, 0, [], ERROR, 0, 0, 0, 0, 0, 0, 0, 0, 0, 0, 0, 0, 0, 0, 0, fwd, SPEED, DRIVER_RUNNING, 0, 20, 15, 1
2026-08-06T17:43:32, 00:14:28, 1280, Nobody, log, 0, 67, 0, 0, 0, 0, 0, [], ERROR, 0, 0, 0, 0, 0, 0, 0, 0, 0, 0, 0, 0, 0, 0, 0, fwd, SPEED, DRIVER_RUNNING, 0, 20, 15, 1
2026-08-06T17:43:33, 00:14:29, 1282, Nobody, log, 0, 67, 0, 0, 0, 0, 0, [], ERROR, 0, 0, 0, 0, 0, 0, 0, 0, 0, 0, 0, 0, 0, 0, 0, fwd, SPEED, DRIVER_RUNNING, 0, 20, 15, 1
2026-08-06T17:43:34, 00:14:30, 1284, Nobody, log, 0, 67, 0, 0, 0, 0, 0, [], ERROR, 0, 0, 0, 0, 0, 0, 0, 0, 0, 0, 0, 0, 0, 0, 0, fwd, SPEED, DRIVER_RUNNING, 0, 20, 15, 1
2026-08-06T17:43:35, 00:14:31, 1286, Nobody, log, 0, 67, 0, 0, 0, 0, 0, [], ERROR, 0, 0, 0, 0, 0, 0, 0, 0, 0, 0, 0, 0, 0, 0, 0, fwd, SPEED, DRIVER_RUNNING, 0, 20, 15, 1
2026-08-06T17:43:36, 00:14:32, 1287, Nobody, log, 0, 67, 0, 0, 0, 0, 0, [], ERROR, 0, 0, 0, 0, 0, 0, 0, 0, 0, 0, 0, 0, 0, 0, 0, fwd, SPEED, DRIVER_RUNNING, 0, 20, 15, 1
2026-08-06T17:43:37, 00:14:33, 1287, Nobody, log, 0, 67, 0, 0, 0, 0, 0, [], ERROR, 0, 0, 0, 0, 0, 0, 0, 0, 0, 0, 0, 0, 0, 0, 0, fwd, SPEED, DRIVER_RUNNING, 0, 20, 15, 1
2026-08-06T17:43:38, 00:14:34, 1289, Nobody, log, 0, 67, 0, 0, 0, 0, 0, [], ERROR, 0, 0, 0, 0, 0, 0, 0, 0, 0, 0, 0, 0, 0, 0, 0, fwd, SPEED, DRIVER_RUNNING, 0, 20, 15, 1
2026-08-06T17:43:39, 00:14:35, 1291, Nobody, log, 0, 67, 0, 0, 0, 0, 0, [], ERROR, 0, 0, 0, 0, 0, 0, 0, 0, 0, 0, 0, 0, 0, 0, 0, fwd, SPEED, DRIVER_RUNNING, 0, 20, 15, 1
2026-08-06T17:43:40, 00:14:36, 1293, Nobody, log, 0, 67, 0, 0, 0, 0, 0, [], ERROR, 0, 0, 0, 0, 0, 0, 0, 0, 0, 0, 0, 0, 0, 0, 0, fwd, SPEED, DRIVER_RUNNING, 0, 20, 15, 1
2026-08-06T17:43:41, 00:14:37, 1293, Nobody, log, 0, 67, 0, 0, 0, 0, 0, [], ERROR, 0, 0, 0, 0, 0, 0, 0, 0, 0, 0, 0, 0, 0, 0, 0, fwd, SPEED, DRIVER_RUNNING, 0, 20, 15, 1
2026-08-06T17:43:42, 00:14:38, 1296, Nobody, log, 0, 67, 0, 0, 0, 0, 0, [], ERROR, 0, 0, 0, 0, 0, 0, 0, 0, 0, 0, 0, 0, 0, 0, 0, fwd, SPEED, DRIVER_RUNNING, 0, 20, 15, 1
2026-08-06T17:43:43, 00:14:39, 1298, Nobody, log, 0, 67, 0, 0, 0, 0, 0, [], ERROR, 0, 0, 0, 0, 0, 0, 0, 0, 0, 0, 0, 0, 0, 0, 0, fwd, SPEED, DRIVER_RUNNING, 0, 20, 15, 1
2026-08-06T17:43:44, 00:14:40, 1300, Nobody, log, 0, 67, 0, 0, 0, 0, 0, [], ERROR, 0, 0, 0, 0, 0, 0, 0, 0, 0, 0, 0, 0, 0, 0, 0, fwd, SPEED, DRIVER_RUNNING, 0, 20, 15, 1
2026-08-06T17:43:45, 00:14:41, 1302, Nobody, log, 0, 67, 0, 0, 0, 0, 0, [], ERROR, 0, 0, 0, 0, 0, 0, 0, 0, 0, 0, 0, 0, 0, 0, 0, fwd, SPEED, DRIVER_RUNNING, 0, 20, 15, 1
2026-08-06T17:43:46, 00:14:42, 1303, Nobody, log, 0, 67, 0, 0, 0, 0, 0, [], ERROR, 0, 0, 0, 0, 0, 0, 0, 0, 0, 0, 0, 0, 0, 0, 0, fwd, SPEED, DRIVER_RUNNING, 0, 20, 15, 1
2026-08-06T17:43:47, 00:14:43, 1304, Nobody, log, 0, 67, 0, 0, 0, 0, 0, [], ERROR, 0, 0, 0, 0, 0, 0, 0, 0, 0, 0, 0, 0, 0, 0, 0, fwd, SPEED, DRIVER_RUNNING, 0, 20, 15, 1
2026-08-06T17:43:48, 00:14:44, 1306, Nobody, log, 0, 67, 0, 0, 0, 0, 0, [], ERROR, 0, 0, 0, 0, 0, 0, 0, 0, 0, 0, 0, 0, 0, 0, 0, fwd, SPEED, DRIVER_RUNNING, 0, 20, 15, 1
2026-08-06T17:43:49, 00:14:45, 1308, Nobody, log, 0, 67, 0, 0, 0, 0, 0, [], ERROR, 0, 0, 0, 0, 0, 0, 0, 0, 0, 0, 0, 0, 0, 0, 0, fwd, SPEED, DRIVER_RUNNING, 0, 20, 15, 1
2026-08-06T17:43:50, 00:14:46, 1310, Nobody, log, 0, 67, 0, 0, 0, 0, 0, [], ERROR, 0, 0, 0, 0, 0, 0, 0, 0, 0, 0, 0, 0, 0, 0, 0, fwd, SPEED, DRIVER_RUNNING, 0, 20, 15, 1
2026-08-06T17:43:51, 00:14:47, 1310, Nobody, log, 0, 67, 0, 0, 0, 0, 0, [], ERROR, 0, 0, 0, 0, 0, 0, 0, 0, 0, 0, 0, 0, 0, 0, 0, fwd, SPEED, DRIVER_RUNNING, 0, 20, 15, 1
2026-08-06T17:43:52, 00:14:48, 1310, Nobody, Recent State (CMD-V), 0, 67, 0, 0, 0, 0, 0, [], ERROR, 0, 0, 0, 0, 0, 0, 0, 0, 0, 0, 0, 0, 0, 0, 0, fwd, SPEED, DRIVER_RUNNING, 0, 20, 15, 1
2026-08-06T17:43:52, 00:14:48, 1310, Nobody, log, 0, 67, 0, 0, 0, 0, 0, [], ERROR, 0, 0, 0, 0, 0, 0, 0, 0, 0, 0, 0, 0, 0, 0, 0, fwd, SPEED, DRIVER_RUNNING, 0, 20, 15, 1
2026-08-06T17:43:53, 00:14:49, 1312, Nobody, log, 0, 67, 0, 0, 0, 0, 0, [], ERROR, 0, 0, 0, 0, 0, 0, 0, 0, 0, 0, 0, 0, 0, 0, 0, fwd, SPEED, DRIVER_RUNNING, 0, 20, 15, 1
2026-08-06T17:43:54, 00:14:50, 1314, Nobody, log, 0, 67, 0, 0, 0, 0, 0, [], ERROR, 0, 0, 0, 0, 0, 0, 0, 0, 0, 0, 0, 0, 0, 0, 0, fwd, SPEED, DRIVER_RUNNING, 0, 20, 15, 1
2026-08-06T17:43:55, 00:14:51, 1316, Nobody, log, 0, 67, 0, 0, 0, 0, 0, [], ERROR, 0, 0, 0, 0, 0, 0, 0, 0, 0, 0, 0, 0, 0, 0, 0, fwd, SPEED, DRIVER_RUNNING, 0, 20, 15, 1
2026-08-06T17:43:56, 00:14:52, 1318, Nobody, log, 0, 67, 0, 0, 0, 0, 0, [], ERROR, 0, 0, 0, 0, 0, 0, 0, 0, 0, 0, 0, 0, 0, 0, 0, fwd, SPEED, DRIVER_RUNNING, 0, 20, 15, 1
2026-08-06T17:43:57, 00:14:53, 1319, Nobody, log, 0, 67, 0, 0, 0, 0, 0, [], ERROR, 0, 0, 0, 0, 0, 0, 0, 0, 0, 0, 0, 0, 0, 0, 0, fwd, SPEED, DRIVER_RUNNING, 0, 20, 15, 1
2026-08-06T17:43:58, 00:14:54, 1321, Nobody, log, 0, 67, 0, 0, 0, 0, 0, [], ERROR, 0, 0, 0, 0, 0, 0, 0, 0, 0, 0, 0, 0, 0, 0, 0, fwd, SPEED, DRIVER_RUNNING, 0, 20, 15, 1
2026-08-06T17:43:59, 00:14:55, 1323, Nobody, log, 0, 67, 0, 0, 0, 0, 0, [], ERROR, 0, 0, 0, 0, 0, 0, 0, 0, 0, 0, 0, 0, 0, 0, 0, fwd, SPEED, DRIVER_RUNNING, 0, 20, 15, 1
2026-08-06T17:44:00, 00:14:56, 1325, Nobody, log, 0, 67, 0, 0, 0, 0, 0, [], ERROR, 0, 0, 0, 0, 0, 0, 0, 0, 0, 0, 0, 0, 0, 0, 0, fwd, SPEED, DRIVER_RUNNING, 0, 20, 15, 1
2026-08-06T17:44:01, 00:14:57, 1326, Nobody, log, 0, 67, 0, 0, 0, 0, 0, [], ERROR, 0, 0, 0, 0, 0, 0, 0, 0, 0, 0, 0, 0, 0, 0, 0, fwd, SPEED, DRIVER_RUNNING, 0, 20, 15, 1
2026-08-06T17:44:02, 00:14:58, 1327, Nobody, log, 0, 67, 0, 0, 0, 0, 0, [], ERROR, 0, 0, 0, 0, 0, 0, 0, 0, 0, 0, 0, 0, 0, 0, 0, fwd, SPEED, DRIVER_RUNNING, 0, 20, 15, 1
2026-08-06T17:44:03, 00:14:59, 1329, Nobody, log, 0, 67, 0, 0, 0, 0, 0, [], ERROR, 0, 0, 0, 0, 0, 0, 0, 0, 0, 0, 0, 0, 0, 0, 0, fwd, SPEED, DRIVER_RUNNING, 0, 20, 15, 1
2026-08-06T17:44:04, 00:15:00, 1330, Nobody, log, 0, 67, 0, 0, 0, 0, 0, [], ERROR, 0, 0, 0, 0, 0, 0, 0, 0, 0, 0, 0, 0, 0, 0, 0, fwd, SPEED, DRIVER_RUNNING, 0, 20, 15, 1
2026-08-06T17:44:05, 00:15:01, 1332, Nobody, log, 0, 67, 0, 0, 0, 0, 0, [], ERROR, 0, 0, 0, 0, 0, 0, 0, 0, 0, 0, 0, 0, 0, 0, 0, fwd, SPEED, DRIVER_RUNNING, 0, 20, 15, 1
2026-08-06T17:44:07, 00:15:03, 1334, Nobody, log, 0, 67, 0, 0, 0, 0, 0, [], ERROR, 0, 0, 0, 0, 0, 0, 0, 0, 0, 0, 0, 0, 0, 0, 0, fwd, SPEED, DRIVER_RUNNING, 0, 20, 15, 1
2026-08-06T17:44:08, 00:15:04, 1334, Nobody, log, 0, 67, 0, 0, 0, 0, 0, [], ERROR, 0, 0, 0, 0, 0, 0, 0, 0, 0, 0, 0, 0, 0, 0, 0, fwd, SPEED, DRIVER_RUNNING, 0, 20, 15, 1
2026-08-06T17:44:09, 00:15:05, 1336, Nobody, log, 0, 67, 0, 0, 0, 0, 0, [], ERROR, 0, 0, 0, 0, 0, 0, 0, 0, 0, 0, 0, 0, 0, 0, 0, fwd, SPEED, DRIVER_RUNNING, 0, 20, 15, 1
2026-08-06T17:44:10, 00:15:06, 1338, Nobody, log, 0, 67, 0, 0, 0, 0, 0, [], ERROR, 0, 0, 0, 0, 0, 0, 0, 0, 0, 0, 0, 0, 0, 0, 0, fwd, SPEED, DRIVER_RUNNING, 0, 20, 15, 1
2026-08-06T17:44:11, 00:15:07, 1340, Nobody, log, 0, 67, 0, 0, 0, 0, 0, [], ERROR, 0, 0, 0, 0, 0, 0, 0, 0, 0, 0, 0, 0, 0, 0, 0, fwd, SPEED, DRIVER_RUNNING, 0, 20, 15, 1
2026-08-06T17:44:12, 00:15:08, 1341, Nobody, log, 0, 67, 0, 0, 0, 0, 0, [], ERROR, 0, 0, 0, 0, 0, 0, 0, 0, 0, 0, 0, 0, 0, 0, 0, fwd, SPEED, DRIVER_RUNNING, 0, 20, 15, 1
2026-08-06T17:44:13, 00:15:09, 1343, Nobody, log, 0, 67, 0, 0, 0, 0, 0, [], ERROR, 0, 0, 0, 0, 0, 0, 0, 0, 0, 0, 0, 0, 0, 0, 0, fwd, SPEED, DRIVER_RUNNING, 0, 20, 15, 1
2026-08-06T17:44:14, 00:15:10, 1344, Nobody, log, 0, 67, 0, 0, 0, 0, 0, [], ERROR, 0, 0, 0, 0, 0, 0, 0, 0, 0, 0, 0, 0, 0, 0, 0, fwd, SPEED, DRIVER_RUNNING, 0, 20, 15, 1
2026-08-06T17:44:15, 00:15:11, 1346, Nobody, log, 0, 67, 0, 0, 0, 0, 0, [], ERROR, 0, 0, 0, 0, 0, 0, 0, 0, 0, 0, 0, 0, 0, 0, 0, fwd, SPEED, DRIVER_RUNNING, 0, 20, 15, 1
2026-08-06T17:44:16, 00:15:12, 1348, Nobody, log, 0, 67, 0, 0, 0, 0, 0, [], ERROR, 0, 0, 0, 0, 0, 0, 0, 0, 0, 0, 0, 0, 0, 0, 0, fwd, SPEED, DRIVER_RUNNING, 0, 20, 15, 1
2026-08-06T17:44:17, 00:15:13, 1348, Nobody, log, 0, 67, 0, 0, 0, 0, 0, [], ERROR, 0, 0, 0, 0, 0, 0, 0, 0, 0, 0, 0, 0, 0, 0, 0, fwd, SPEED, DRIVER_RUNNING, 0, 20, 15, 1
2026-08-06T17:44:18, 00:15:14, 1349, Nobody, log, 0, 67, 0, 0, 0, 0, 0, [], ERROR, 0, 0, 0, 0, 0, 0, 0, 0, 0, 0, 0, 0, 0, 0, 0, fwd, SPEED, DRIVER_RUNNING, 0, 20, 15, 1
2026-08-06T17:44:19, 00:15:15, 1351, Nobody, log, 0, 67, 0, 0, 0, 0, 0, [], ERROR, 0, 0, 0, 0, 0, 0, 0, 0, 0, 0, 0, 0, 0, 0, 0, fwd, SPEED, DRIVER_RUNNING, 0, 20, 15, 1
2026-08-06T17:44:20, 00:15:16, 1353, Nobody, log, 0, 67, 0, 0, 0, 0, 0, [], ERROR, 0, 0, 0, 0, 0, 0, 0, 0, 0, 0, 0, 0, 0, 0, 0, fwd, SPEED, DRIVER_RUNNING, 0, 20, 15, 1
2026-08-06T17:44:21, 00:15:17, 1355, Nobody, log, 0, 67, 0, 0, 0, 0, 0, [], ERROR, 0, 0, 0, 0, 0, 0, 0, 0, 0, 0, 0, 0, 0, 0, 0, fwd, SPEED, DRIVER_RUNNING, 0, 20, 15, 1
2026-08-06T17:44:22, 00:15:18, 1355, Nobody, log, 0, 67, 0, 0, 0, 0, 0, [], ERROR, 0, 0, 0, 0, 0, 0, 0, 0, 0, 0, 0, 0, 0, 0, 0, fwd, SPEED, DRIVER_RUNNING, 0, 20, 15, 1
2026-08-06T17:44:23, 00:15:19, 1356, Nobody, log, 0, 67, 0, 0, 0, 0, 0, [], ERROR, 0, 0, 0, 0, 0, 0, 0, 0, 0, 0, 0, 0, 0, 0, 0, fwd, SPEED, DRIVER_RUNNING, 0, 20, 15, 1
2026-08-06T17:44:24, 00:15:20, 1358, Nobody, log, 0, 67, 0, 0, 0, 0, 0, [], ERROR, 0, 0, 0, 0, 0, 0, 0, 0, 0, 0, 0, 0, 0, 0, 0, fwd, SPEED, DRIVER_RUNNING, 0, 20, 15, 1
2026-08-06T17:44:25, 00:15:21, 1360, Nobody, log, 0, 67, 0, 0, 0, 0, 0, [], ERROR, 0, 0, 0, 0, 0, 0, 0, 0, 0, 0, 0, 0, 0, 0, 0, fwd, SPEED, DRIVER_RUNNING, 0, 20, 15, 1
2026-08-06T17:44:26, 00:15:22, 1362, Nobody, log, 0, 67, 0, 0, 0, 0, 0, [], ERROR, 0, 0, 0, 0, 0, 0, 0, 0, 0, 0, 0, 0, 0, 0, 0, fwd, SPEED, DRIVER_RUNNING, 0, 20, 15, 1
2026-08-06T17:44:27, 00:15:23, 1363, Nobody, log, 0, 67, 0, 0, 0, 0, 0, [], ERROR, 0, 0, 0, 0, 0, 0, 0, 0, 0, 0, 0, 0, 0, 0, 0, fwd, SPEED, DRIVER_RUNNING, 0, 20, 15, 1
2026-08-06T17:44:28, 00:15:24, 1364, Nobody, log, 0, 67, 0, 0, 0, 0, 0, [], ERROR, 0, 0, 0, 0, 0, 0, 0, 0, 0, 0, 0, 0, 0, 0, 0, fwd, SPEED, DRIVER_RUNNING, 0, 20, 15, 1
2026-08-06T17:44:29, 00:15:25, 1366, Nobody, log, 0, 67, 0, 0, 0, 0, 0, [], ERROR, 0, 0, 0, 0, 0, 0, 0, 0, 0, 0, 0, 0, 0, 0, 0, fwd, SPEED, DRIVER_RUNNING, 0, 20, 15, 1
2026-08-06T17:44:30, 00:15:26, 1368, Nobody, log, 0, 67, 0, 0, 0, 0, 0, [], ERROR, 0, 0, 0, 0, 0, 0, 0, 0, 0, 0, 0, 0, 0, 0, 0, fwd, SPEED, DRIVER_RUNNING, 0, 20, 15, 1
2026-08-06T17:44:31, 00:15:27, 1370, Nobody, log, 0, 67, 0, 0, 0, 0, 0, [], ERROR, 0, 0, 0, 0, 0, 0, 0, 0, 0, 0, 0, 0, 0, 0, 0, fwd, SPEED, DRIVER_RUNNING, 0, 20, 15, 1
2026-08-06T17:44:32, 00:15:28, 1370, Nobody, log, 0, 67, 0, 0, 0, 0, 0, [], ERROR, 0, 0, 0, 0, 0, 0, 0, 0, 0, 0, 0, 0, 0, 0, 0, fwd, SPEED, DRIVER_RUNNING, 0, 20, 15, 1
2026-08-06T17:44:33, 00:15:29, 1372, Nobody, log, 0, 67, 0, 0, 0, 0, 0, [], ERROR, 0, 0, 0, 0, 0, 0, 0, 0, 0, 0, 0, 0, 0, 0, 0, fwd, SPEED, DRIVER_RUNNING, 0, 20, 15, 1
2026-08-06T17:44:34, 00:15:30, 1373, Nobody, log, 0, 67, 0, 0, 0, 0, 0, [], ERROR, 0, 0, 0, 0, 0, 0, 0, 0, 0, 0, 0, 0, 0, 0, 0, fwd, SPEED, DRIVER_RUNNING, 0, 20, 15, 1
2026-08-06T17:44:35, 00:15:31, 1375, Nobody, log, 0, 67, 0, 0, 0, 0, 0, [], ERROR, 0, 0, 0, 0, 0, 0, 0, 0, 0, 0, 0, 0, 0, 0, 0, fwd, SPEED, DRIVER_RUNNING, 0, 20, 15, 1
2026-08-06T17:44:36, 00:15:32, 1377, Nobody, log, 0, 67, 0, 0, 0, 0, 0, [], ERROR, 0, 0, 0, 0, 0, 0, 0, 0, 0, 0, 0, 0, 0, 0, 0, fwd, SPEED, DRIVER_RUNNING, 0, 20, 15, 1
2026-08-06T17:44:37, 00:15:33, 1378, Nobody, log, 0, 67, 0, 0, 0, 0, 0, [], ERROR, 0, 0, 0, 0, 0, 0, 0, 0, 0, 0, 0, 0, 0, 0, 0, fwd, SPEED, DRIVER_RUNNING, 0, 20, 15, 1
2026-08-06T17:44:38, 00:15:34, 1379, Nobody, log, 0, 67, 0, 0, 0, 0, 0, [], ERROR, 0, 0, 0, 0, 0, 0, 0, 0, 0, 0, 0, 0, 0, 0, 0, fwd, SPEED, DRIVER_RUNNING, 0, 20, 15, 1
2026-08-06T17:44:39, 00:15:35, 1381, Nobody, log, 0, 67, 0, 0, 0, 0, 0, [], ERROR, 0, 0, 0, 0, 0, 0, 0, 0, 0, 0, 0, 0, 0, 0, 0, fwd, SPEED, DRIVER_RUNNING, 0, 20, 15, 1
2026-08-06T17:44:40, 00:15:36, 1383, Nobody, log, 0, 67, 0, 0, 0, 0, 0, [], ERROR, 0, 0, 0, 0, 0, 0, 0, 0, 0, 0, 0, 0, 0, 0, 0, fwd, SPEED, DRIVER_RUNNING, 0, 20, 15, 1
2026-08-06T17:44:41, 00:15:37, 1385, Nobody, log, 0, 67, 0, 0, 0, 0, 0, [], ERROR, 0, 0, 0, 0, 0, 0, 0, 0, 0, 0, 0, 0, 0, 0, 0, fwd, SPEED, DRIVER_RUNNING, 0, 20, 15, 1
2026-08-06T17:44:42, 00:15:38, 1387, Nobody, log, 0, 67, 0, 0, 0, 0, 0, [], ERROR, 0, 0, 0, 0, 0, 0, 0, 0, 0, 0, 0, 0, 0, 0, 0, fwd, SPEED, DRIVER_RUNNING, 0, 20, 15, 1
2026-08-06T17:44:43, 00:15:39, 1387, Nobody, log, 0, 67, 0, 0, 0, 0, 0, [], ERROR, 0, 0, 0, 0, 0, 0, 0, 0, 0, 0, 0, 0, 0, 0, 0, fwd, SPEED, ENGINEER_HALTEDENGINEER_SETUP, 0, 20, 15, 1
2026-08-06T17:44:44, 00:15:40, 1389, Nobody, log, 0, 67, 0, 0, 0, 0, 0, [], ERROR, 0, 0, 0, 0, 0, 0, 0, 0, 0, 0, 0, 0, 0, 0, 0, fwd, SPEED, ENGINEER_HALTEDENGINEER_SETUP, 0, 20, 15, 1
2026-08-06T17:44:45, 00:15:41, 1391, Nobody, log, 0, 67, 0, 0, 0, 0, 0, [], ERROR, 0, 0, 0, 0, 0, 0, 0, 0, 0, 0, 0, 0, 0, 0, 0, fwd, SPEED, ENGINEER_HALTEDENGINEER_SETUP, 0, 20, 15, 1
2026-08-06T17:44:46, 00:15:42, 1393, Nobody, log, 0, 67, 0, 0, 0, 0, 0, [], ERROR, 0, 0, 0, 0, 0, 0, 0, 0, 0, 0, 0, 0, 0, 0, 0, fwd, SPEED, ENGINEER_HALTEDENGINEER_SETUP, 0, 20, 15, 1
2026-08-06T17:44:47, 00:15:43, 1394, Nobody, log, 0, 67, 0, 0, 0, 0, 0, [], ERROR, 0, 0, 0, 0, 0, 0, 0, 0, 0, 0, 0, 0, 0, 0, 0, fwd, SPEED, ENGINEER_HALTEDENGINEER_SETUP, 0, 20, 15, 1
2026-08-06T17:44:48, 00:15:44, 1395, Nobody, log, 0, 67, 0, 0, 0, 0, 0, [], ERROR, 0, 0, 0, 0, 0, 0, 0, 0, 0, 0, 0, 0, 0, 0, 0, fwd, SPEED, ENGINEER_HALTEDENGINEER_SETUP, 0, 20, 15, 1
2026-08-06T17:44:49, 00:15:45, 1397, Nobody, log, 0, 67, 0, 0, 0, 0, 0, [], ERROR, 0, 0, 0, 0, 0, 0, 0, 0, 0, 0, 0, 0, 0, 0, 0, fwd, SPEED, ENGINEER_HALTEDENGINEER_SETUP, 0, 20, 15, 1
2026-08-06T17:44:50, 00:15:46, 1399, Nobody, log, 0, 67, 0, 0, 0, 0, 0, [], ERROR, 0, 0, 0, 0, 0, 0, 0, 0, 0, 0, 0, 0, 0, 0, 0, fwd, SPEED, ENGINEER_HALTEDENGINEER_SETUP, 0, 20, 15, 1
2026-08-06T17:44:51, 00:15:47, 1401, Nobody, log, 0, 67, 0, 0, 0, 0, 0, [], ERROR, 0, 0, 0, 0, 0, 0, 0, 0, 0, 0, 0, 0, 0, 0, 0, fwd, SPEED, ENGINEER_HALTEDENGINEER_SETUP, 0, 20, 15, 1
2026-08-06T17:44:52, 00:15:48, 1402, Nobody, log, 0, 67, 0, 0, 0, 0, 0, [], ERROR, 0, 0, 0, 0, 0, 0, 0, 0, 0, 0, 0, 0, 0, 0, 0, fwd, SPEED, ENGINEER_HALTEDENGINEER_SETUP, 0, 20, 15, 1
2026-08-06T17:44:53, 00:15:49, 1403, Nobody, log, 0, 67, 0, 0, 0, 0, 0, [], ERROR, 0, 0, 0, 0, 0, 0, 0, 0, 0, 0, 0, 0, 0, 0, 0, fwd, SPEED, ENGINEER_HALTEDENGINEER_SETUP, 0, 20, 15, 1
2026-08-06T17:44:54, 00:15:50, 1403, Nobody, log, 0, 67, 0, 0, 0, 0, 0, [], ERROR, 0, 0, 0, 0, 0, 0, 0, 0, 0, 0, 0, 0, 0, 0, 0, fwd, SPEED, ENGINEER_HALTEDENGINEER_SETUP, 0, 20, 15, 1
2026-08-06T17:44:55, 00:15:51, 1405, Nobody, log, 0, 67, 0, 0, 0, 0, 0, [], ERROR, 0, 0, 0, 0, 0, 0, 0, 0, 0, 0, 0, 0, 0, 0, 0, fwd, SPEED, ENGINEER_HALTEDENGINEER_SETUP, 0, 20, 15, 1
2026-08-06T17:44:56, 00:15:52, 1407, Nobody, log, 0, 67, 0, 0, 0, 0, 0, [], ERROR, 0, 0, 0, 0, 0, 0, 0, 0, 0, 0, 0, 0, 0, 0, 0, fwd, SPEED, ENGINEER_HALTEDENGINEER_SETUP, 0, 20, 15, 1
2026-08-06T17:44:58, 00:15:54, 1408, Nobody, log, 0, 67, 0, 0, 0, 0, 0, [], ERROR, 0, 0, 0, 0, 0, 0, 0, 0, 0, 0, 0, 0, 0, 0, 0, fwd, SPEED, ENGINEER_HALTEDENGINEER_SETUP, 0, 20, 15, 1
2026-08-06T17:44:59, 00:15:55, 1410, Nobody, log, 0, 67, 0, 0, 0, 0, 0, [], ERROR, 0, 0, 0, 0, 0, 0, 0, 0, 0, 0, 0, 0, 0, 0, 0, fwd, SPEED, ENGINEER_HALTEDENGINEER_SETUP, 0, 20, 15, 1
2026-08-06T17:45:00, 00:15:56, 1411, Nobody, log, 0, 67, 0, 0, 0, 0, 0, [], ERROR, 0, 0, 0, 0, 0, 0, 0, 0, 0, 0, 0, 0, 0, 0, 0, fwd, SPEED, ENGINEER_HALTEDENGINEER_SETUP, 0, 20, 15, 1
2026-08-06T17:45:01, 00:15:57, 1412, Nobody, log, 0, 67, 0, 0, 0, 0, 0, [], ERROR, 0, 0, 0, 0, 0, 0, 0, 0, 0, 0, 0, 0, 0, 0, 0, fwd, SPEED, ENGINEER_HALTEDENGINEER_SETUP, 0, 20, 15, 1
2026-08-06T17:45:02, 00:15:58, 1414, Nobody, log, 0, 67, 0, 0, 0, 0, 0, [], ERROR, 0, 0, 0, 0, 0, 0, 0, 0, 0, 0, 0, 0, 0, 0, 0, fwd, SPEED, ENGINEER_HALTEDENGINEER_SETUP, 0, 20, 15, 1
2026-08-06T17:45:03, 00:15:59, 1416, Nobody, log, 0, 67, 0, 0, 0, 0, 0, [], ERROR, 0, 0, 0, 0, 0, 0, 0, 0, 0, 0, 0, 0, 0, 0, 0, fwd, SPEED, ENGINEER_HALTEDENGINEER_SETUP, 0, 20, 15, 1
2026-08-06T17:45:04, 00:16:00, 1418, Nobody, log, 0, 67, 0, 0, 0, 0, 0, [], ERROR, 0, 0, 0, 0, 0, 0, 0, 0, 0, 0, 0, 0, 0, 0, 0, fwd, SPEED, ENGINEER_HALTEDENGINEER_SETUP, 0, 20, 15, 1
2026-08-06T17:45:05, 00:16:01, 1418, Nobody, log, 0, 67, 0, 0, 0, 0, 0, [], ERROR, 0, 0, 0, 0, 0, 0, 0, 0, 0, 0, 0, 0, 0, 0, 0, fwd, SPEED, ENGINEER_HALTEDENGINEER_SETUP, 0, 20, 15, 1
2026-08-06T17:45:06, 00:16:02, 1420, Nobody, log, 0, 67, 0, 0, 0, 0, 0, [], ERROR, 0, 0, 0, 0, 0, 0, 0, 0, 0, 0, 0, 0, 0, 0, 0, fwd, SPEED, ENGINEER_HALTEDENGINEER_SETUP, 0, 20, 15, 1
2026-08-06T17:45:07, 00:16:03, 1422, Nobody, log, 0, 67, 0, 0, 0, 0, 0, [], ERROR, 0, 0, 0, 0, 0, 0, 0, 0, 0, 0, 0, 0, 0, 0, 0, fwd, SPEED, ENGINEER_HALTEDENGINEER_SETUP, 0, 20, 15, 1
2026-08-06T17:45:08, 00:16:04, 1424, Nobody, log, 0, 67, 0, 0, 0, 0, 0, [], ERROR, 0, 0, 0, 0, 0, 0, 0, 0, 0, 0, 0, 0, 0, 0, 0, fwd, SPEED, ENGINEER_HALTEDENGINEER_SETUP, 0, 20, 15, 1
2026-08-06T17:45:09, 00:16:05, 1426, Nobody, log, 0, 67, 0, 0, 0, 0, 0, [], ERROR, 0, 0, 0, 0, 0, 0, 0, 0, 0, 0, 0, 0, 0, 0, 0, fwd, SPEED, ENGINEER_HALTEDENGINEER_SETUP, 0, 20, 15, 1
2026-08-06T17:45:10, 00:16:06, 1428, Nobody, log, 0, 67, 0, 0, 0, 0, 0, [], ERROR, 0, 0, 0, 0, 0, 0, 0, 0, 0, 0, 0, 0, 0, 0, 0, fwd, SPEED, ENGINEER_HALTEDENGINEER_SETUP, 0, 20, 15, 1
2026-08-06T17:45:11, 00:16:07, 1430, Nobody, log, 0, 67, 0, 0, 0, 0, 0, [], ERROR, 0, 0, 0, 0, 0, 0, 0, 0, 0, 0, 0, 0, 0, 0, 0, fwd, SPEED, ENGINEER_HALTEDENGINEER_SETUP, 0, 20, 15, 1
2026-08-06T17:45:12, 00:16:08, 1432, Nobody, log, 0, 67, 0, 0, 0, 0, 0, [], ERROR, 0, 0, 0, 0, 0, 0, 0, 0, 0, 0, 0, 0, 0, 0, 0, fwd, SPEED, ENGINEER_HALTEDENGINEER_SETUP, 0, 20, 15, 1
2026-08-06T17:45:13, 00:16:09, 1433, Nobody, log, 0, 67, 0, 0, 0, 0, 0, [], ERROR, 0, 0, 0, 0, 0, 0, 0, 0, 0, 0, 0, 0, 0, 0, 0, fwd, SPEED, ENGINEER_HALTEDENGINEER_SETUP, 0, 20, 15, 1
2026-08-06T17:45:14, 00:16:10, 1434, Nobody, log, 0, 67, 0, 0, 0, 0, 0, [], ERROR, 0, 0, 0, 0, 0, 0, 0, 0, 0, 0, 0, 0, 0, 0, 0, fwd, SPEED, ENGINEER_HALTEDENGINEER_SETUP, 0, 20, 15, 1
2026-08-06T17:45:15, 00:16:11, 1436, Nobody, log, 0, 67, 0, 0, 0, 0, 0, [], ERROR, 0, 0, 0, 0, 0, 0, 0, 0, 0, 0, 0, 0, 0, 0, 0, fwd, SPEED, ENGINEER_HALTEDENGINEER_SETUP, 0, 20, 15, 1
2026-08-06T17:45:16, 00:16:12, 1437, Nobody, log, 0, 67, 0, 0, 0, 0, 0, [], ERROR, 0, 0, 0, 0, 0, 0, 0, 0, 0, 0, 0, 0, 0, 0, 0, fwd, SPEED, ENGINEER_HALTEDENGINEER_SETUP, 0, 20, 15, 1
2026-08-06T17:45:17, 00:16:13, 1438, Nobody, log, 0, 67, 0, 0, 0, 0, 0, [], ERROR, 0, 0, 0, 0, 0, 0, 0, 0, 0, 0, 0, 0, 0, 0, 0, fwd, SPEED, ENGINEER_HALTEDENGINEER_SETUP, 0, 20, 15, 1
2026-08-06T17:45:18, 00:16:14, 1440, Nobody, log, 0, 67, 0, 0, 0, 0, 0, [], ERROR, 0, 0, 0, 0, 0, 0, 0, 0, 0, 0, 0, 0, 0, 0, 0, fwd, SPEED, ENGINEER_HALTEDENGINEER_SETUP, 0, 20, 15, 1
2026-08-06T17:45:19, 00:16:15, 1441, Nobody, log, 0, 67, 0, 0, 0, 0, 0, [], ERROR, 0, 0, 0, 0, 0, 0, 0, 0, 0, 0, 0, 0, 0, 0, 0, fwd, SPEED, ENGINEER_HALTEDENGINEER_SETUP, 0, 20, 15, 1
2026-08-06T17:45:20, 00:16:16, 1442, Nobody, log, 0, 67, 0, 0, 0, 0, 0, [], ERROR, 0, 0, 0, 0, 0, 0, 0, 0, 0, 0, 0, 0, 0, 0, 0, fwd, SPEED, ENGINEER_HALTEDENGINEER_SETUP, 0, 20, 15, 1
2026-08-06T17:45:21, 00:16:17, 1444, Nobody, log, 0, 67, 0, 0, 0, 0, 0, [], ERROR, 0, 0, 0, 0, 0, 0, 0, 0, 0, 0, 0, 0, 0, 0, 0, fwd, SPEED, ENGINEER_HALTEDENGINEER_SETUP, 0, 20, 15, 1
2026-08-06T17:45:22, 00:16:18, 1446, Nobody, log, 0, 67, 0, 0, 0, 0, 0, [], ERROR, 0, 0, 0, 0, 0, 0, 0, 0, 0, 0, 0, 0, 0, 0, 0, fwd, SPEED, ENGINEER_HALTEDENGINEER_SETUP, 0, 20, 15, 1
2026-08-06T17:45:23, 00:16:19, 1447, Nobody, log, 0, 67, 0, 0, 0, 0, 0, [], ERROR, 0, 0, 0, 0, 0, 0, 0, 0, 0, 0, 0, 0, 0, 0, 0, fwd, SPEED, ENGINEER_HALTEDENGINEER_SETUP, 0, 20, 15, 1
2026-08-06T17:45:24, 00:16:20, 1449, Nobody, log, 0, 67, 0, 0, 0, 0, 0, [], ERROR, 0, 0, 0, 0, 0, 0, 0, 0, 0, 0, 0, 0, 0, 0, 0, fwd, SPEED, ENGINEER_HALTEDENGINEER_SETUP, 0, 20, 15, 1
2026-08-06T17:45:25, 00:16:21, 1451, Nobody, log, 0, 67, 0, 0, 0, 0, 0, [], ERROR, 0, 0, 0, 0, 0, 0, 0, 0, 0, 0, 0, 0, 0, 0, 0, fwd, SPEED, ENGINEER_HALTEDENGINEER_SETUP, 0, 20, 15, 1
2026-08-06T17:45:26, 00:16:22, 1453, Nobody, log, 0, 67, 0, 0, 0, 0, 0, [], ERROR, 0, 0, 0, 0, 0, 0, 0, 0, 0, 0, 0, 0, 0, 0, 0, fwd, SPEED, ENGINEER_HALTEDENGINEER_SETUP, 0, 20, 15, 1
2026-08-06T17:45:27, 00:16:23, 1455, Nobody, log, 0, 67, 0, 0, 0, 0, 0, [], ERROR, 0, 0, 0, 0, 0, 0, 0, 0, 0, 0, 0, 0, 0, 0, 0, fwd, SPEED, ENGINEER_HALTEDENGINEER_SETUP, 0, 20, 15, 1
2026-08-06T17:45:28, 00:16:24, 1457, Nobody, log, 0, 67, 0, 0, 0, 0, 0, [], ERROR, 0, 0, 0, 0, 0, 0, 0, 0, 0, 0, 0, 0, 0, 0, 0, fwd, SPEED, ENGINEER_HALTEDENGINEER_SETUP, 0, 20, 15, 1
2026-08-06T17:45:29, 00:16:25, 1458, Nobody, log, 0, 67, 0, 0, 0, 0, 0, [], ERROR, 0, 0, 0, 0, 0, 0, 0, 0, 0, 0, 0, 0, 0, 0, 0, fwd, SPEED, ENGINEER_HALTEDENGINEER_SETUP, 0, 20, 15, 1
2026-08-06T17:45:30, 00:16:26, 1460, Nobody, log, 0, 67, 0, 0, 0, 0, 0, [], ERROR, 0, 0, 0, 0, 0, 0, 0, 0, 0, 0, 0, 0, 0, 0, 0, fwd, SPEED, ENGINEER_HALTEDENGINEER_SETUP, 0, 20, 15, 1
2026-08-06T17:45:31, 00:16:27, 1462, Nobody, log, 0, 67, 0, 0, 0, 0, 0, [], ERROR, 0, 0, 0, 0, 0, 0, 0, 0, 0, 0, 0, 0, 0, 0, 0, fwd, SPEED, ENGINEER_HALTEDENGINEER_SETUP, 0, 20, 15, 1
2026-08-06T17:45:32, 00:16:28, 1464, Nobody, log, 0, 67, 0, 0, 0, 0, 0, [], ERROR, 0, 0, 0, 0, 0, 0, 0, 0, 0, 0, 0, 0, 0, 0, 0, fwd, SPEED, ENGINEER_HALTEDENGINEER_SETUP, 0, 20, 15, 1
2026-08-06T17:45:33, 00:16:29, 1466, Nobody, log, 0, 67, 0, 0, 0, 0, 0, [], ERROR, 0, 0, 0, 0, 0, 0, 0, 0, 0, 0, 0, 0, 0, 0, 0, fwd, SPEED, ENGINEER_HALTEDENGINEER_SETUP, 0, 20, 15, 1
2026-08-06T17:45:34, 00:16:30, 1468, Nobody, log, 0, 67, 0, 0, 0, 0, 0, [], ERROR, 0, 0, 0, 0, 0, 0, 0, 0, 0, 0, 0, 0, 0, 0, 0, fwd, SPEED, ENGINEER_HALTEDENGINEER_SETUP, 0, 20, 15, 1
2026-08-06T17:45:35, 00:16:31, 1470, Nobody, log, 0, 67, 0, 0, 0, 0, 0, [], ERROR, 0, 0, 0, 0, 0, 0, 0, 0, 0, 0, 0, 0, 0, 0, 0, fwd, SPEED, ENGINEER_HALTEDENGINEER_SETUP, 0, 20, 15, 1
2026-08-06T17:45:36, 00:16:32, 1472, Nobody, log, 0, 67, 0, 0, 0, 0, 0, [], ERROR, 0, 0, 0, 0, 0, 0, 0, 0, 0, 0, 0, 0, 0, 0, 0, fwd, SPEED, ENGINEER_HALTEDENGINEER_SETUP, 0, 20, 15, 1
2026-08-06T17:45:37, 00:16:33, 1474, Nobody, log, 0, 67, 0, 0, 0, 0, 0, [], ERROR, 0, 0, 0, 0, 0, 0, 0, 0, 0, 0, 0, 0, 0, 0, 0, fwd, SPEED, ENGINEER_HALTEDENGINEER_SETUP, 0, 20, 15, 1
2026-08-06T17:45:38, 00:16:34, 1476, Nobody, log, 0, 67, 0, 0, 0, 0, 0, [], ERROR, 0, 0, 0, 0, 0, 0, 0, 0, 0, 0, 0, 0, 0, 0, 0, fwd, SPEED, ENGINEER_HALTEDENGINEER_SETUP, 0, 20, 15, 1
2026-08-06T17:45:39, 00:16:35, 1477, Nobody, log, 0, 67, 0, 0, 0, 0, 0, [], ERROR, 0, 0, 0, 0, 0, 0, 0, 0, 0, 0, 0, 0, 0, 0, 0, fwd, SPEED, ENGINEER_HALTEDENGINEER_SETUP, 0, 20, 15, 1
2026-08-06T17:45:40, 00:16:36, 1478, Nobody, log, 0, 67, 0, 0, 0, 0, 0, [], ERROR, 0, 0, 0, 0, 0, 0, 0, 0, 0, 0, 0, 0, 0, 0, 0, fwd, SPEED, ENGINEER_HALTEDENGINEER_SETUP, 0, 20, 15, 1
2026-08-06T17:45:41, 00:16:37, 1480, Nobody, log, 0, 67, 0, 0, 0, 0, 0, [], ERROR, 0, 0, 0, 0, 0, 0, 0, 0, 0, 0, 0, 0, 0, 0, 0, fwd, SPEED, ENGINEER_HALTEDENGINEER_SETUP, 0, 20, 15, 1
2026-08-06T17:45:42, 00:16:38, 1482, Nobody, log, 0, 67, 0, 0, 0, 0, 0, [], ERROR, 0, 0, 0, 0, 0, 0, 0, 0, 0, 0, 0, 0, 0, 0, 0, fwd, SPEED, ENGINEER_HALTEDENGINEER_SETUP, 0, 20, 15, 1
2026-08-06T17:45:43, 00:16:39, 1483, Nobody, log, 0, 67, 0, 0, 0, 0, 0, [], ERROR, 0, 0, 0, 0, 0, 0, 0, 0, 0, 0, 0, 0, 0, 0, 0, fwd, SPEED, ENGINEER_HALTEDENGINEER_SETUP, 0, 20, 15, 1
2026-08-06T17:45:44, 00:16:40, 1484, Nobody, log, 0, 67, 0, 0, 0, 0, 0, [], ERROR, 0, 0, 0, 0, 0, 0, 0, 0, 0, 0, 0, 0, 0, 0, 0, fwd, SPEED, ENGINEER_HALTEDENGINEER_SETUP, 0, 20, 15, 1
2026-08-06T17:45:45, 00:16:41, 1487, Nobody, log, 0, 67, 0, 0, 0, 0, 0, [], ERROR, 0, 0, 0, 0, 0, 0, 0, 0, 0, 0, 0, 0, 0, 0, 0, fwd, SPEED, ENGINEER_HALTEDENGINEER_SETUP, 0, 20, 15, 1
2026-08-06T17:45:46, 00:16:42, 1489, Nobody, log, 0, 67, 0, 0, 0, 0, 0, [], ERROR, 0, 0, 0, 0, 0, 0, 0, 0, 0, 0, 0, 0, 0, 0, 0, fwd, SPEED, ENGINEER_HALTEDENGINEER_SETUP, 0, 20, 15, 1
2026-08-06T17:45:47, 00:16:43, 1491, Nobody, log, 0, 67, 0, 0, 0, 0, 0, [], ERROR, 0, 0, 0, 0, 0, 0, 0, 0, 0, 0, 0, 0, 0, 0, 0, fwd, SPEED, ENGINEER_HALTEDENGINEER_SETUP, 0, 20, 15, 1
2026-08-06T17:45:48, 00:16:44, 1492, Nobody, log, 0, 67, 0, 0, 0, 0, 0, [], ERROR, 0, 0, 0, 0, 0, 0, 0, 0, 0, 0, 0, 0, 0, 0, 0, fwd, SPEED, ENGINEER_HALTEDENGINEER_SETUP, 0, 20, 15, 1
2026-08-06T17:45:49, 00:16:45, 1492, Nobody, log, 0, 67, 0, 0, 0, 0, 0, [], ERROR, 0, 0, 0, 0, 0, 0, 0, 0, 0, 0, 0, 0, 0, 0, 0, fwd, SPEED, ENGINEER_HALTEDENGINEER_SETUP, 0, 20, 15, 1
2026-08-06T17:45:50, 00:16:46, 1492, Nobody, log, 0, 67, 0, 0, 0, 0, 0, [], ERROR, 0, 0, 0, 0, 0, 0, 0, 0, 0, 0, 0, 0, 0, 0, 0, fwd, SPEED, ENGINEER_HALTEDENGINEER_SETUP, 0, 20, 15, 1
2026-08-06T17:45:52, 00:16:48, 1494, Nobody, log, 0, 67, 0, 0, 0, 0, 0, [], ERROR, 0, 0, 0, 0, 0, 0, 0, 0, 0, 0, 0, 0, 0, 0, 0, fwd, SPEED, ENGINEER_HALTEDENGINEER_SETUP, 0, 20, 15, 1
2026-08-06T17:45:53, 00:16:49, 1496, Nobody, log, 0, 67, 0, 0, 0, 0, 0, [], ERROR, 0, 0, 0, 0, 0, 0, 0, 0, 0, 0, 0, 0, 0, 0, 0, fwd, SPEED, ENGINEER_HALTEDENGINEER_SETUP, 0, 20, 15, 1
2026-08-06T17:45:54, 00:16:50, 1498, Nobody, log, 0, 67, 0, 0, 0, 0, 0, [], ERROR, 0, 0, 0, 0, 0, 0, 0, 0, 0, 0, 0, 0, 0, 0, 0, fwd, SPEED, ENGINEER_HALTEDENGINEER_SETUP, 0, 20, 15, 1
2026-08-06T17:45:55, 00:16:51, 1500, Nobody, log, 0, 67, 0, 0, 0, 0, 0, [], ERROR, 0, 0, 0, 0, 0, 0, 0, 0, 0, 0, 0, 0, 0, 0, 0, fwd, SPEED, ENGINEER_HALTEDENGINEER_SETUP, 0, 20, 15, 1
2026-08-06T17:45:56, 00:16:52, 1501, Nobody, log, 0, 67, 0, 0, 0, 0, 0, [], ERROR, 0, 0, 0, 0, 0, 0, 0, 0, 0, 0, 0, 0, 0, 0, 0, fwd, SPEED, ENGINEER_HALTEDENGINEER_SETUP, 0, 20, 15, 1
2026-08-06T17:45:57, 00:16:53, 1503, Nobody, log, 0, 67, 0, 0, 0, 0, 0, [], ERROR, 0, 0, 0, 0, 0, 0, 0, 0, 0, 0, 0, 0, 0, 0, 0, fwd, SPEED, ENGINEER_HALTEDENGINEER_SETUP, 0, 20, 15, 1
2026-08-06T17:45:58, 00:16:54, 1504, Nobody, log, 0, 67, 0, 0, 0, 0, 0, [], ERROR, 0, 0, 0, 0, 0, 0, 0, 0, 0, 0, 0, 0, 0, 0, 0, fwd, SPEED, ENGINEER_HALTEDENGINEER_SETUP, 0, 20, 15, 1
2026-08-06T17:45:59, 00:16:55, 1506, Nobody, log, 0, 67, 0, 0, 0, 0, 0, [], ERROR, 0, 0, 0, 0, 0, 0, 0, 0, 0, 0, 0, 0, 0, 0, 0, fwd, SPEED, ENGINEER_HALTEDENGINEER_SETUP, 0, 20, 15, 1
2026-08-06T17:46:00, 00:16:56, 1508, Nobody, log, 0, 67, 0, 0, 0, 0, 0, [], ERROR, 0, 0, 0, 0, 0, 0, 0, 0, 0, 0, 0, 0, 0, 0, 0, fwd, SPEED, ENGINEER_HALTEDENGINEER_SETUP, 0, 20, 15, 1
2026-08-06T17:46:01, 00:16:57, 1510, Nobody, log, 0, 67, 0, 0, 0, 0, 0, [], ERROR, 0, 0, 0, 0, 0, 0, 0, 0, 0, 0, 0, 0, 0, 0, 0, fwd, SPEED, ENGINEER_HALTEDENGINEER_SETUP, 0, 20, 15, 1
2026-08-06T17:46:02, 00:16:58, 1512, Nobody, log, 0, 67, 0, 0, 0, 0, 0, [], ERROR, 0, 0, 0, 0, 0, 0, 0, 0, 0, 0, 0, 0, 0, 0, 0, fwd, SPEED, ENGINEER_HALTEDENGINEER_SETUP, 0, 20, 15, 1
2026-08-06T17:46:03, 00:16:59, 1514, Nobody, log, 0, 67, 0, 0, 0, 0, 0, [], ERROR, 0, 0, 0, 0, 0, 0, 0, 0, 0, 0, 0, 0, 0, 0, 0, fwd, SPEED, ENGINEER_HALTEDENGINEER_SETUP, 0, 20, 15, 1
2026-08-06T17:46:04, 00:17:00, 1516, Nobody, log, 0, 67, 0, 0, 0, 0, 0, [], ERROR, 0, 0, 0, 0, 0, 0, 0, 0, 0, 0, 0, 0, 0, 0, 0, fwd, SPEED, ENGINEER_HALTEDENGINEER_SETUP, 0, 20, 15, 1
2026-08-06T17:46:05, 00:17:01, 1518, Nobody, log, 0, 67, 0, 0, 0, 0, 0, [], ERROR, 0, 0, 0, 0, 0, 0, 0, 0, 0, 0, 0, 0, 0, 0, 0, fwd, SPEED, ENGINEER_HALTEDENGINEER_SETUP, 0, 20, 15, 1
2026-08-06T17:46:06, 00:17:02, 1520, Nobody, log, 0, 67, 0, 0, 0, 0, 0, [], ERROR, 0, 0, 0, 0, 0, 0, 0, 0, 0, 0, 0, 0, 0, 0, 0, fwd, SPEED, ENGINEER_HALTEDENGINEER_SETUP, 0, 20, 15, 1
2026-08-06T17:46:07, 00:17:03, 1521, Nobody, log, 0, 67, 0, 0, 0, 0, 0, [], ERROR, 0, 0, 0, 0, 0, 0, 0, 0, 0, 0, 0, 0, 0, 0, 0, fwd, SPEED, ENGINEER_HALTEDENGINEER_SETUP, 0, 20, 15, 1
2026-08-06T17:46:08, 00:17:04, 1521, Nobody, log, 0, 67, 0, 0, 0, 0, 0, [], ERROR, 0, 0, 0, 0, 0, 0, 0, 0, 0, 0, 0, 0, 0, 0, 0, fwd, SPEED, ENGINEER_HALTEDENGINEER_SETUP, 0, 20, 15, 1
2026-08-06T17:46:09, 00:17:05, 1523, Nobody, log, 0, 67, 0, 0, 0, 0, 0, [], ERROR, 0, 0, 0, 0, 0, 0, 0, 0, 0, 0, 0, 0, 0, 0, 0, fwd, SPEED, ENGINEER_HALTEDENGINEER_SETUP, 0, 20, 15, 1
2026-08-06T17:46:10, 00:17:06, 1524, Nobody, log, 0, 67, 0, 0, 0, 0, 0, [], ERROR, 0, 0, 0, 0, 0, 0, 0, 0, 0, 0, 0, 0, 0, 0, 0, fwd, SPEED, ENGINEER_HALTEDENGINEER_SETUP, 0, 20, 15, 1
2026-08-06T17:46:11, 00:17:07, 1525, Nobody, log, 0, 67, 0, 0, 0, 0, 0, [], ERROR, 0, 0, 0, 0, 0, 0, 0, 0, 0, 0, 0, 0, 0, 0, 0, fwd, SPEED, ENGINEER_HALTEDENGINEER_SETUP, 0, 20, 15, 1
2026-08-06T17:46:12, 00:17:08, 1528, Nobody, log, 0, 67, 0, 0, 0, 0, 0, [], ERROR, 0, 0, 0, 0, 0, 0, 0, 0, 0, 0, 0, 0, 0, 0, 0, fwd, SPEED, ENGINEER_HALTEDENGINEER_SETUP, 0, 20, 15, 1
2026-08-06T17:46:13, 00:17:09, 1530, Nobody, log, 0, 67, 0, 0, 0, 0, 0, [], ERROR, 0, 0, 0, 0, 0, 0, 0, 0, 0, 0, 0, 0, 0, 0, 0, fwd, SPEED, ENGINEER_HALTEDENGINEER_SETUP, 0, 20, 15, 1
2026-08-06T17:46:14, 00:17:10, 1532, Nobody, log, 0, 67, 0, 0, 0, 0, 0, [], ERROR, 0, 0, 0, 0, 0, 0, 0, 0, 0, 0, 0, 0, 0, 0, 0, fwd, SPEED, ENGINEER_HALTEDENGINEER_SETUP, 0, 20, 15, 1
2026-08-06T17:46:15, 00:17:11, 1533, Nobody, log, 0, 67, 0, 0, 0, 0, 0, [], ERROR, 0, 0, 0, 0, 0, 0, 0, 0, 0, 0, 0, 0, 0, 0, 0, fwd, SPEED, ENGINEER_HALTEDENGINEER_SETUP, 0, 20, 15, 1
2026-08-06T17:46:16, 00:17:12, 1535, Nobody, log, 0, 67, 0, 0, 0, 0, 0, [], ERROR, 0, 0, 0, 0, 0, 0, 0, 0, 0, 0, 0, 0, 0, 0, 0, fwd, SPEED, ENGINEER_HALTEDENGINEER_SETUP, 0, 20, 15, 1
2026-08-06T17:46:17, 00:17:13, 1537, Nobody, log, 0, 67, 0, 0, 0, 0, 0, [], ERROR, 0, 0, 0, 0, 0, 0, 0, 0, 0, 0, 0, 0, 0, 0, 0, fwd, SPEED, ENGINEER_HALTEDENGINEER_SETUP, 0, 20, 15, 1
2026-08-06T17:46:18, 00:17:14, 1539, Nobody, log, 0, 67, 0, 0, 0, 0, 0, [], ERROR, 0, 0, 0, 0, 0, 0, 0, 0, 0, 0, 0, 0, 0, 0, 0, fwd, SPEED, ENGINEER_HALTEDENGINEER_SETUP, 0, 20, 15, 1
2026-08-06T17:46:19, 00:17:15, 1541, Nobody, log, 0, 67, 0, 0, 0, 0, 0, [], ERROR, 0, 0, 0, 0, 0, 0, 0, 0, 0, 0, 0, 0, 0, 0, 0, fwd, SPEED, ENGINEER_HALTEDENGINEER_SETUP, 0, 20, 15, 1
2026-08-06T17:46:20, 00:17:16, 1542, Nobody, log, 0, 67, 0, 0, 0, 0, 0, [], ERROR, 0, 0, 0, 0, 0, 0, 0, 0, 0, 0, 0, 0, 0, 0, 0, fwd, SPEED, ENGINEER_HALTEDENGINEER_SETUP, 0, 20, 15, 1
2026-08-06T17:46:21, 00:17:17, 1543, Nobody, log, 0, 67, 0, 0, 0, 0, 0, [], ERROR, 0, 0, 0, 0, 0, 0, 0, 0, 0, 0, 0, 0, 0, 0, 0, fwd, SPEED, ENGINEER_HALTEDENGINEER_SETUP, 0, 20, 15, 1
2026-08-06T17:46:22, 00:17:18, 1544, Nobody, log, 0, 67, 0, 0, 0, 0, 0, [], ERROR, 0, 0, 0, 0, 0, 0, 0, 0, 0, 0, 0, 0, 0, 0, 0, fwd, SPEED, ENGINEER_HALTEDENGINEER_SETUP, 0, 20, 15, 1
2026-08-06T17:46:23, 00:17:19, 1546, Nobody, log, 0, 67, 0, 0, 0, 0, 0, [], ERROR, 0, 0, 0, 0, 0, 0, 0, 0, 0, 0, 0, 0, 0, 0, 0, fwd, SPEED, ENGINEER_HALTEDENGINEER_SETUP, 0, 20, 15, 1
2026-08-06T17:46:24, 00:17:20, 1547, Nobody, log, 0, 67, 0, 0, 0, 0, 0, [], ERROR, 0, 0, 0, 0, 0, 0, 0, 0, 0, 0, 0, 0, 0, 0, 0, fwd, SPEED, ENGINEER_HALTEDENGINEER_SETUP, 0, 20, 15, 1
2026-08-06T17:46:25, 00:17:21, 1549, Nobody, log, 0, 67, 0, 0, 0, 0, 0, [], ERROR, 0, 0, 0, 0, 0, 0, 0, 0, 0, 0, 0, 0, 0, 0, 0, fwd, SPEED, ENGINEER_HALTEDENGINEER_SETUP, 0, 20, 15, 1
2026-08-06T17:46:26, 00:17:22, 1552, Nobody, log, 0, 67, 0, 0, 0, 0, 0, [], ERROR, 0, 0, 0, 0, 0, 0, 0, 0, 0, 0, 0, 0, 0, 0, 0, fwd, SPEED, ENGINEER_HALTEDENGINEER_SETUP, 0, 20, 15, 1
2026-08-06T17:46:27, 00:17:23, 1554, Nobody, log, 0, 67, 0, 0, 0, 0, 0, [], ERROR, 0, 0, 0, 0, 0, 0, 0, 0, 0, 0, 0, 0, 0, 0, 0, fwd, SPEED, ENGINEER_HALTEDENGINEER_SETUP, 0, 20, 15, 1
2026-08-06T17:46:28, 00:17:24, 1556, Nobody, log, 0, 67, 0, 0, 0, 0, 0, [], ERROR, 0, 0, 0, 0, 0, 0, 0, 0, 0, 0, 0, 0, 0, 0, 0, fwd, SPEED, ENGINEER_HALTEDENGINEER_SETUP, 0, 20, 15, 1
2026-08-06T17:46:29, 00:17:25, 1558, Nobody, log, 0, 67, 0, 0, 0, 0, 0, [], ERROR, 0, 0, 0, 0, 0, 0, 0, 0, 0, 0, 0, 0, 0, 0, 0, fwd, SPEED, ENGINEER_HALTEDENGINEER_SETUP, 0, 20, 15, 1
2026-08-06T17:46:30, 00:17:26, 1560, Nobody, log, 0, 67, 0, 0, 0, 0, 0, [], ERROR, 0, 0, 0, 0, 0, 0, 0, 0, 0, 0, 0, 0, 0, 0, 0, fwd, SPEED, ENGINEER_HALTEDENGINEER_SETUP, 0, 20, 15, 1
2026-08-06T17:46:31, 00:17:27, 1561, Nobody, log, 0, 67, 0, 0, 0, 0, 0, [], ERROR, 0, 0, 0, 0, 0, 0, 0, 0, 0, 0, 0, 0, 0, 0, 0, fwd, SPEED, ENGINEER_HALTEDENGINEER_SETUP, 0, 20, 15, 1
2026-08-06T17:46:32, 00:17:28, 1563, Nobody, log, 0, 67, 0, 0, 0, 0, 0, [], ERROR, 0, 0, 0, 0, 0, 0, 0, 0, 0, 0, 0, 0, 0, 0, 0, fwd, SPEED, ENGINEER_HALTEDENGINEER_SETUP, 0, 20, 15, 1
2026-08-06T17:46:33, 00:17:29, 1565, Nobody, log, 0, 67, 0, 0, 0, 0, 0, [], ERROR, 0, 0, 0, 0, 0, 0, 0, 0, 0, 0, 0, 0, 0, 0, 0, fwd, SPEED, ENGINEER_HALTEDENGINEER_SETUP, 0, 20, 15, 1
2026-08-06T17:46:34, 00:17:30, 1566, Nobody, log, 0, 67, 0, 0, 0, 0, 0, [], ERROR, 0, 0, 0, 0, 0, 0, 0, 0, 0, 0, 0, 0, 0, 0, 0, fwd, SPEED, ENGINEER_HALTEDENGINEER_SETUP, 0, 20, 15, 1
2026-08-06T17:46:35, 00:17:31, 1569, Nobody, log, 0, 67, 0, 0, 0, 0, 0, [], ERROR, 0, 0, 0, 0, 0, 0, 0, 0, 0, 0, 0, 0, 0, 0, 0, fwd, SPEED, ENGINEER_HALTEDENGINEER_SETUP, 0, 20, 15, 1
2026-08-06T17:46:36, 00:17:32, 1571, Nobody, log, 0, 67, 0, 0, 0, 0, 0, [], ERROR, 0, 0, 0, 0, 0, 0, 0, 0, 0, 0, 0, 0, 0, 0, 0, fwd, SPEED, ENGINEER_HALTEDENGINEER_SETUP, 0, 20, 15, 1
2026-08-06T17:46:37, 00:17:33, 1573, Nobody, log, 0, 67, 0, 0, 0, 0, 0, [], ERROR, 0, 0, 0, 0, 0, 0, 0, 0, 0, 0, 0, 0, 0, 0, 0, fwd, SPEED, ENGINEER_HALTEDENGINEER_SETUP, 0, 20, 15, 1
2026-08-06T17:46:38, 00:17:34, 1575, Nobody, log, 0, 67, 0, 0, 0, 0, 0, [], ERROR, 0, 0, 0, 0, 0, 0, 0, 0, 0, 0, 0, 0, 0, 0, 0, fwd, SPEED, ENGINEER_HALTEDENGINEER_SETUP, 0, 20, 15, 1
2026-08-06T17:46:39, 00:17:35, 1577, Nobody, log, 0, 67, 0, 0, 0, 0, 0, [], ERROR, 0, 0, 0, 0, 0, 0, 0, 0, 0, 0, 0, 0, 0, 0, 0, fwd, SPEED, ENGINEER_HALTEDENGINEER_SETUP, 0, 20, 15, 1
2026-08-06T17:46:40, 00:17:36, 1577, Nobody, log, 0, 67, 0, 0, 0, 0, 0, [], ERROR, 0, 0, 0, 0, 0, 0, 0, 0, 0, 0, 0, 0, 0, 0, 0, fwd, SPEED, ENGINEER_HALTEDENGINEER_SETUP, 0, 20, 15, 1
2026-08-06T17:46:41, 00:17:37, 1579, Nobody, log, 0, 67, 0, 0, 0, 0, 0, [], ERROR, 0, 0, 0, 0, 0, 0, 0, 0, 0, 0, 0, 0, 0, 0, 0, fwd, SPEED, ENGINEER_HALTEDENGINEER_SETUP, 0, 20, 15, 1
2026-08-06T17:46:42, 00:17:38, 1581, Nobody, log, 0, 67, 0, 0, 0, 0, 0, [], ERROR, 0, 0, 0, 0, 0, 0, 0, 0, 0, 0, 0, 0, 0, 0, 0, fwd, SPEED, ENGINEER_HALTEDENGINEER_SETUP, 0, 20, 15, 1
2026-08-06T17:46:43, 00:17:39, 1583, Nobody, log, 0, 67, 0, 0, 0, 0, 0, [], ERROR, 0, 0, 0, 0, 0, 0, 0, 0, 0, 0, 0, 0, 0, 0, 0, fwd, SPEED, ENGINEER_HALTEDENGINEER_SETUP, 0, 20, 15, 1
2026-08-06T17:46:44, 00:17:40, 1585, Nobody, log, 0, 67, 0, 0, 0, 0, 0, [], ERROR, 0, 0, 0, 0, 0, 0, 0, 0, 0, 0, 0, 0, 0, 0, 0, fwd, SPEED, ENGINEER_HALTEDENGINEER_SETUP, 0, 20, 15, 1
2026-08-06T17:46:45, 00:17:41, 1584, Nobody, log, 0, 67, 0, 0, 0, 0, 0, [], ERROR, 0, 0, 0, 0, 0, 0, 0, 0, 0, 0, 0, 0, 0, 0, 0, fwd, SPEED, ENGINEER_HALTEDENGINEER_SETUP, 0, 20, 15, 1
2026-08-06T17:46:47, 00:17:43, 1586, Nobody, log, 0, 67, 0, 0, 0, 0, 0, [], ERROR, 0, 0, 0, 0, 0, 0, 0, 0, 0, 0, 0, 0, 0, 0, 0, fwd, SPEED, ENGINEER_HALTEDENGINEER_SETUP, 0, 20, 15, 1
2026-08-06T17:46:48, 00:17:44, 1588, Nobody, log, 0, 67, 0, 0, 0, 0, 0, [], ERROR, 0, 0, 0, 0, 0, 0, 0, 0, 0, 0, 0, 0, 0, 0, 0, fwd, SPEED, ENGINEER_HALTEDENGINEER_SETUP, 0, 20, 15, 1
2026-08-06T17:46:49, 00:17:45, 1589, Nobody, log, 0, 67, 0, 0, 0, 0, 0, [], ERROR, 0, 0, 0, 0, 0, 0, 0, 0, 0, 0, 0, 0, 0, 0, 0, fwd, SPEED, ENGINEER_HALTEDENGINEER_SETUP, 0, 20, 15, 1
2026-08-06T17:46:50, 00:17:46, 1591, Nobody, log, 0, 67, 0, 0, 0, 0, 0, [], ERROR, 0, 0, 0, 0, 0, 0, 0, 0, 0, 0, 0, 0, 0, 0, 0, fwd, SPEED, ENGINEER_HALTEDENGINEER_SETUP, 0, 20, 15, 1
2026-08-06T17:46:51, 00:17:47, 1593, Nobody, log, 0, 67, 0, 0, 0, 0, 0, [], ERROR, 0, 0, 0, 0, 0, 0, 0, 0, 0, 0, 0, 0, 0, 0, 0, fwd, SPEED, ENGINEER_HALTEDENGINEER_SETUP, 0, 20, 15, 1
2026-08-06T17:46:52, 00:17:48, 1595, Nobody, log, 0, 67, 0, 0, 0, 0, 0, [], ERROR, 0, 0, 0, 0, 0, 0, 0, 0, 0, 0, 0, 0, 0, 0, 0, fwd, SPEED, ENGINEER_HALTEDENGINEER_SETUP, 0, 20, 15, 1
2026-08-06T17:46:53, 00:17:49, 1597, Nobody, log, 0, 67, 0, 0, 0, 0, 0, [], ERROR, 0, 0, 0, 0, 0, 0, 0, 0, 0, 0, 0, 0, 0, 0, 0, fwd, SPEED, ENGINEER_HALTEDENGINEER_SETUP, 0, 20, 15, 1
2026-08-06T17:46:54, 00:17:50, 1599, Nobody, log, 0, 67, 0, 0, 0, 0, 0, [], ERROR, 0, 0, 0, 0, 0, 0, 0, 0, 0, 0, 0, 0, 0, 0, 0, fwd, SPEED, ENGINEER_HALTEDENGINEER_SETUP, 0, 20, 15, 1
2026-08-06T17:46:55, 00:17:51, 1601, Nobody, log, 0, 67, 0, 0, 0, 0, 0, [], ERROR, 0, 0, 0, 0, 0, 0, 0, 0, 0, 0, 0, 0, 0, 0, 0, fwd, SPEED, ENGINEER_HALTEDENGINEER_SETUP, 0, 20, 15, 1
2026-08-06T17:46:56, 00:17:52, 1603, Nobody, log, 0, 67, 0, 0, 0, 0, 0, [], ERROR, 0, 0, 0, 0, 0, 0, 0, 0, 0, 0, 0, 0, 0, 0, 0, fwd, SPEED, ENGINEER_HALTEDENGINEER_SETUP, 0, 20, 15, 1
2026-08-06T17:46:57, 00:17:53, 1604, Nobody, log, 0, 67, 0, 0, 0, 0, 0, [], ERROR, 0, 0, 0, 0, 0, 0, 0, 0, 0, 0, 0, 0, 0, 0, 0, fwd, SPEED, ENGINEER_HALTEDENGINEER_SETUP, 0, 20, 15, 1
2026-08-06T17:46:58, 00:17:54, 1605, Nobody, log, 0, 67, 0, 0, 0, 0, 0, [], ERROR, 0, 0, 0, 0, 0, 0, 0, 0, 0, 0, 0, 0, 0, 0, 0, fwd, SPEED, ENGINEER_HALTEDENGINEER_SETUP, 0, 20, 15, 1
2026-08-06T17:46:59, 00:17:55, 1606, Nobody, log, 0, 67, 0, 0, 0, 0, 0, [], ERROR, 0, 0, 0, 0, 0, 0, 0, 0, 0, 0, 0, 0, 0, 0, 0, fwd, SPEED, ENGINEER_HALTEDENGINEER_SETUP, 0, 20, 15, 1
2026-08-06T17:47:00, 00:17:56, 1608, Nobody, log, 0, 67, 0, 0, 0, 0, 0, [], ERROR, 0, 0, 0, 0, 0, 0, 0, 0, 0, 0, 0, 0, 0, 0, 0, fwd, SPEED, ENGINEER_HALTEDENGINEER_SETUP, 0, 20, 15, 1
2026-08-06T17:47:01, 00:17:57, 1610, Nobody, log, 0, 67, 0, 0, 0, 0, 0, [], ERROR, 0, 0, 0, 0, 0, 0, 0, 0, 0, 0, 0, 0, 0, 0, 0, fwd, SPEED, ENGINEER_HALTEDENGINEER_SETUP, 0, 20, 15, 1
2026-08-06T17:47:02, 00:17:58, 1611, Nobody, log, 0, 67, 0, 0, 0, 0, 0, [], ERROR, 0, 0, 0, 0, 0, 0, 0, 0, 0, 0, 0, 0, 0, 0, 0, fwd, SPEED, ENGINEER_HALTEDENGINEER_SETUP, 0, 20, 15, 1
2026-08-06T17:47:03, 00:17:59, 1612, Nobody, log, 0, 67, 0, 0, 0, 0, 0, [], ERROR, 0, 0, 0, 0, 0, 0, 0, 0, 0, 0, 0, 0, 0, 0, 0, fwd, SPEED, ENGINEER_HALTEDENGINEER_SETUP, 0, 20, 15, 1
2026-08-06T17:47:04, 00:18:00, 1613, Nobody, log, 0, 67, 0, 0, 0, 0, 0, [], ERROR, 0, 0, 0, 0, 0, 0, 0, 0, 0, 0, 0, 0, 0, 0, 0, fwd, SPEED, ENGINEER_HALTEDENGINEER_SETUP, 0, 20, 15, 1
2026-08-06T17:47:05, 00:18:01, 1612, Nobody, log, 0, 67, 0, 0, 0, 0, 0, [], ERROR, 0, 0, 0, 0, 0, 0, 0, 0, 0, 0, 0, 0, 0, 0, 0, fwd, SPEED, ENGINEER_HALTEDENGINEER_SETUP, 0, 20, 15, 1
2026-08-06T17:47:06, 00:18:02, 1614, Nobody, log, 0, 67, 0, 0, 0, 0, 0, [], ERROR, 0, 0, 0, 0, 0, 0, 0, 0, 0, 0, 0, 0, 0, 0, 0, fwd, SPEED, ENGINEER_HALTEDENGINEER_SETUP, 0, 20, 15, 1
2026-08-06T17:47:07, 00:18:03, 1615, Nobody, log, 0, 67, 0, 0, 0, 0, 0, [], ERROR, 0, 0, 0, 0, 0, 0, 0, 0, 0, 0, 0, 0, 0, 0, 0, fwd, SPEED, ENGINEER_HALTEDENGINEER_SETUP, 0, 20, 15, 1
2026-08-06T17:47:08, 00:18:04, 1617, Nobody, log, 0, 67, 0, 0, 0, 0, 0, [], ERROR, 0, 0, 0, 0, 0, 0, 0, 0, 0, 0, 0, 0, 0, 0, 0, fwd, SPEED, ENGINEER_HALTEDENGINEER_SETUP, 0, 20, 15, 1
2026-08-06T17:47:09, 00:18:05, 1619, Nobody, log, 0, 67, 0, 0, 0, 0, 0, [], ERROR, 0, 0, 0, 0, 0, 0, 0, 0, 0, 0, 0, 0, 0, 0, 0, fwd, SPEED, ENGINEER_HALTEDENGINEER_SETUP, 0, 20, 15, 1
2026-08-06T17:47:10, 00:18:06, 1621, Nobody, log, 0, 67, 0, 0, 0, 0, 0, [], ERROR, 0, 0, 0, 0, 0, 0, 0, 0, 0, 0, 0, 0, 0, 0, 0, fwd, SPEED, ENGINEER_HALTEDENGINEER_SETUP, 0, 20, 15, 1
2026-08-06T17:47:11, 00:18:07, 1623, Nobody, log, 0, 67, 0, 0, 0, 0, 0, [], ERROR, 0, 0, 0, 0, 0, 0, 0, 0, 0, 0, 0, 0, 0, 0, 0, fwd, SPEED, ENGINEER_HALTEDENGINEER_SETUP, 0, 20, 15, 1
2026-08-06T17:47:12, 00:18:08, 1625, Nobody, log, 0, 67, 0, 0, 0, 0, 0, [], ERROR, 0, 0, 0, 0, 0, 0, 0, 0, 0, 0, 0, 0, 0, 0, 0, fwd, SPEED, ENGINEER_HALTEDENGINEER_SETUP, 0, 20, 15, 1
2026-08-06T17:47:13, 00:18:09, 1627, Nobody, log, 0, 67, 0, 0, 0, 0, 0, [], ERROR, 0, 0, 0, 0, 0, 0, 0, 0, 0, 0, 0, 0, 0, 0, 0, fwd, SPEED, ENGINEER_HALTEDENGINEER_SETUP, 0, 20, 15, 1
2026-08-06T17:47:14, 00:18:10, 1629, Nobody, log, 0, 67, 0, 0, 0, 0, 0, [], ERROR, 0, 0, 0, 0, 0, 0, 0, 0, 0, 0, 0, 0, 0, 0, 0, fwd, SPEED, ENGINEER_HALTEDENGINEER_SETUP, 0, 20, 15, 1
2026-08-06T17:47:15, 00:18:11, 1631, Nobody, log, 0, 67, 0, 0, 0, 0, 0, [], ERROR, 0, 0, 0, 0, 0, 0, 0, 0, 0, 0, 0, 0, 0, 0, 0, fwd, SPEED, ENGINEER_HALTEDENGINEER_SETUP, 0, 20, 15, 1
2026-08-06T17:47:16, 00:18:12, 1633, Nobody, log, 0, 67, 0, 0, 0, 0, 0, [], ERROR, 0, 0, 0, 0, 0, 0, 0, 0, 0, 0, 0, 0, 0, 0, 0, fwd, SPEED, ENGINEER_HALTEDENGINEER_SETUP, 0, 20, 15, 1
2026-08-06T17:47:17, 00:18:13, 1634, Nobody, log, 0, 67, 0, 0, 0, 0, 0, [], ERROR, 0, 0, 0, 0, 0, 0, 0, 0, 0, 0, 0, 0, 0, 0, 0, fwd, SPEED, ENGINEER_HALTEDENGINEER_SETUP, 0, 20, 15, 1
2026-08-06T17:47:18, 00:18:14, 1636, Nobody, log, 0, 67, 0, 0, 0, 0, 0, [], ERROR, 0, 0, 0, 0, 0, 0, 0, 0, 0, 0, 0, 0, 0, 0, 0, fwd, SPEED, ENGINEER_HALTEDENGINEER_SETUP, 0, 20, 15, 1
2026-08-06T17:47:19, 00:18:15, 1638, Nobody, log, 0, 67, 0, 0, 0, 0, 0, [], ERROR, 0, 0, 0, 0, 0, 0, 0, 0, 0, 0, 0, 0, 0, 0, 0, fwd, SPEED, ENGINEER_HALTEDENGINEER_SETUP, 0, 20, 15, 1
2026-08-06T17:47:20, 00:18:16, 1640, Nobody, log, 0, 67, 0, 0, 0, 0, 0, [], ERROR, 0, 0, 0, 0, 0, 0, 0, 0, 0, 0, 0, 0, 0, 0, 0, fwd, SPEED, ENGINEER_HALTEDENGINEER_SETUP, 0, 20, 15, 1
2026-08-06T17:47:21, 00:18:17, 1640, Nobody, log, 0, 67, 0, 0, 0, 0, 0, [], ERROR, 0, 0, 0, 0, 0, 0, 0, 0, 0, 0, 0, 0, 0, 0, 0, fwd, SPEED, ENGINEER_HALTEDENGINEER_SETUP, 0, 20, 15, 1
2026-08-06T17:47:22, 00:18:18, 1641, Nobody, log, 0, 67, 0, 0, 0, 0, 0, [], ERROR, 0, 0, 0, 0, 0, 0, 0, 0, 0, 0, 0, 0, 0, 0, 0, fwd, SPEED, ENGINEER_HALTEDENGINEER_SETUP, 0, 20, 15, 1
2026-08-06T17:47:23, 00:18:19, 1643, Nobody, log, 0, 67, 0, 0, 0, 0, 0, [], ERROR, 0, 0, 0, 0, 0, 0, 0, 0, 0, 0, 0, 0, 0, 0, 0, fwd, SPEED, ENGINEER_HALTEDENGINEER_SETUP, 0, 20, 15, 1
2026-08-06T17:47:24, 00:18:20, 1645, Nobody, log, 0, 67, 0, 0, 0, 0, 0, [], ERROR, 0, 0, 0, 0, 0, 0, 0, 0, 0, 0, 0, 0, 0, 0, 0, fwd, SPEED, ENGINEER_HALTEDENGINEER_SETUP, 0, 20, 15, 1
2026-08-06T17:47:25, 00:18:21, 1647, Nobody, log, 0, 67, 0, 0, 0, 0, 0, [], ERROR, 0, 0, 0, 0, 0, 0, 0, 0, 0, 0, 0, 0, 0, 0, 0, fwd, SPEED, ENGINEER_HALTEDENGINEER_SETUP, 0, 20, 15, 1
2026-08-06T17:47:26, 00:18:22, 1648, Nobody, log, 0, 67, 0, 0, 0, 0, 0, [], ERROR, 0, 0, 0, 0, 0, 0, 0, 0, 0, 0, 0, 0, 0, 0, 0, fwd, SPEED, ENGINEER_HALTEDENGINEER_SETUP, 0, 20, 15, 1
2026-08-06T17:47:27, 00:18:23, 1649, Nobody, log, 0, 67, 0, 0, 0, 0, 0, [], ERROR, 0, 0, 0, 0, 0, 0, 0, 0, 0, 0, 0, 0, 0, 0, 0, fwd, SPEED, ENGINEER_HALTEDENGINEER_SETUP, 0, 20, 15, 1
2026-08-06T17:47:28, 00:18:24, 1651, Nobody, log, 0, 67, 0, 0, 0, 0, 0, [], ERROR, 0, 0, 0, 0, 0, 0, 0, 0, 0, 0, 0, 0, 0, 0, 0, fwd, SPEED, ENGINEER_HALTEDENGINEER_SETUP, 0, 20, 15, 1
2026-08-06T17:47:29, 00:18:25, 1653, Nobody, log, 0, 67, 0, 0, 0, 0, 0, [], ERROR, 0, 0, 0, 0, 0, 0, 0, 0, 0, 0, 0, 0, 0, 0, 0, fwd, SPEED, ENGINEER_HALTEDENGINEER_SETUP, 0, 20, 15, 1
2026-08-06T17:47:30, 00:18:26, 1655, Nobody, log, 0, 67, 0, 0, 0, 0, 0, [], ERROR, 0, 0, 0, 0, 0, 0, 0, 0, 0, 0, 0, 0, 0, 0, 0, fwd, SPEED, ENGINEER_HALTEDENGINEER_SETUP, 0, 20, 15, 1
2026-08-06T17:47:31, 00:18:27, 1657, Nobody, log, 0, 67, 0, 0, 0, 0, 0, [], ERROR, 0, 0, 0, 0, 0, 0, 0, 0, 0, 0, 0, 0, 0, 0, 0, fwd, SPEED, ENGINEER_HALTEDENGINEER_SETUP, 0, 20, 15, 1
2026-08-06T17:47:32, 00:18:28, 1657, Nobody, log, 0, 67, 0, 0, 0, 0, 0, [], ERROR, 0, 0, 0, 0, 0, 0, 0, 0, 0, 0, 0, 0, 0, 0, 0, fwd, SPEED, ENGINEER_HALTEDENGINEER_SETUP, 0, 20, 15, 1
2026-08-06T17:47:33, 00:18:29, 1658, Nobody, log, 0, 67, 0, 0, 0, 0, 0, [], ERROR, 0, 0, 0, 0, 0, 0, 0, 0, 0, 0, 0, 0, 0, 0, 0, fwd, SPEED, ENGINEER_HALTEDENGINEER_SETUP, 0, 20, 15, 1
2026-08-06T17:47:34, 00:18:30, 1660, Nobody, log, 0, 67, 0, 0, 0, 0, 0, [], ERROR, 0, 0, 0, 0, 0, 0, 0, 0, 0, 0, 0, 0, 0, 0, 0, fwd, SPEED, ENGINEER_HALTEDENGINEER_SETUP, 0, 20, 15, 1
2026-08-06T17:47:35, 00:18:31, 1662, Nobody, log, 0, 67, 0, 0, 0, 0, 0, [], ERROR, 0, 0, 0, 0, 0, 0, 0, 0, 0, 0, 0, 0, 0, 0, 0, fwd, SPEED, ENGINEER_HALTEDENGINEER_SETUP, 0, 20, 15, 1
2026-08-06T17:47:36, 00:18:32, 1664, Nobody, log, 0, 67, 0, 0, 0, 0, 0, [], ERROR, 0, 0, 0, 0, 0, 0, 0, 0, 0, 0, 0, 0, 0, 0, 0, fwd, SPEED, ENGINEER_HALTEDENGINEER_SETUP, 0, 20, 15, 1
2026-08-06T17:47:37, 00:18:33, 1665, Nobody, log, 0, 67, 0, 0, 0, 0, 0, [], ERROR, 0, 0, 0, 0, 0, 0, 0, 0, 0, 0, 0, 0, 0, 0, 0, fwd, SPEED, ENGINEER_HALTEDENGINEER_SETUP, 0, 20, 15, 1
2026-08-06T17:47:38, 00:18:34, 1666, Nobody, log, 0, 67, 0, 0, 0, 0, 0, [], ERROR, 0, 0, 0, 0, 0, 0, 0, 0, 0, 0, 0, 0, 0, 0, 0, fwd, SPEED, ENGINEER_HALTEDENGINEER_SETUP, 0, 20, 15, 1
2026-08-06T17:47:40, 00:18:36, 1667, Nobody, log, 0, 67, 0, 0, 0, 0, 0, [], ERROR, 0, 0, 0, 0, 0, 0, 0, 0, 0, 0, 0, 0, 0, 0, 0, fwd, SPEED, ENGINEER_HALTEDENGINEER_SETUP, 0, 20, 15, 1
2026-08-06T17:47:41, 00:18:37, 1669, Nobody, log, 0, 67, 0, 0, 0, 0, 0, [], ERROR, 0, 0, 0, 0, 0, 0, 0, 0, 0, 0, 0, 0, 0, 0, 0, fwd, SPEED, ENGINEER_HALTEDENGINEER_SETUP, 0, 20, 15, 1
2026-08-06T17:47:42, 00:18:38, 1671, Nobody, log, 0, 67, 0, 0, 0, 0, 0, [], ERROR, 0, 0, 0, 0, 0, 0, 0, 0, 0, 0, 0, 0, 0, 0, 0, fwd, SPEED, ENGINEER_HALTEDENGINEER_SETUP, 0, 20, 15, 1
2026-08-06T17:47:43, 00:18:39, 1672, Nobody, log, 0, 67, 0, 0, 0, 0, 0, [], ERROR, 0, 0, 0, 0, 0, 0, 0, 0, 0, 0, 0, 0, 0, 0, 0, fwd, SPEED, ENGINEER_HALTEDENGINEER_SETUP, 0, 20, 15, 1
2026-08-06T17:47:44, 00:18:40, 1674, Nobody, log, 0, 67, 0, 0, 0, 0, 0, [], ERROR, 0, 0, 0, 0, 0, 0, 0, 0, 0, 0, 0, 0, 0, 0, 0, fwd, SPEED, ENGINEER_HALTEDENGINEER_SETUP, 0, 20, 15, 1
2026-08-06T17:47:45, 00:18:41, 1676, Nobody, log, 0, 67, 0, 0, 0, 0, 0, [], ERROR, 0, 0, 0, 0, 0, 0, 0, 0, 0, 0, 0, 0, 0, 0, 0, fwd, SPEED, ENGINEER_HALTEDENGINEER_SETUP, 0, 20, 15, 1
2026-08-06T17:47:46, 00:18:42, 1678, Nobody, log, 0, 67, 0, 0, 0, 0, 0, [], ERROR, 0, 0, 0, 0, 0, 0, 0, 0, 0, 0, 0, 0, 0, 0, 0, fwd, SPEED, ENGINEER_HALTEDENGINEER_SETUP, 0, 20, 15, 1
2026-08-06T17:47:47, 00:18:43, 1680, Nobody, log, 0, 67, 0, 0, 0, 0, 0, [], ERROR, 0, 0, 0, 0, 0, 0, 0, 0, 0, 0, 0, 0, 0, 0, 0, fwd, SPEED, ENGINEER_HALTEDENGINEER_SETUP, 0, 20, 15, 1
2026-08-06T17:47:48, 00:18:44, 1681, Nobody, log, 0, 67, 0, 0, 0, 0, 0, [], ERROR, 0, 0, 0, 0, 0, 0, 0, 0, 0, 0, 0, 0, 0, 0, 0, fwd, SPEED, ENGINEER_HALTEDENGINEER_SETUP, 0, 20, 15, 1
2026-08-06T17:47:49, 00:18:45, 1683, Nobody, log, 0, 67, 0, 0, 0, 0, 0, [], ERROR, 0, 0, 0, 0, 0, 0, 0, 0, 0, 0, 0, 0, 0, 0, 0, fwd, SPEED, ENGINEER_HALTEDENGINEER_SETUP, 0, 20, 15, 1
2026-08-06T17:47:50, 00:18:46, 1685, Nobody, log, 0, 67, 0, 0, 0, 0, 0, [], ERROR, 0, 0, 0, 0, 0, 0, 0, 0, 0, 0, 0, 0, 0, 0, 0, fwd, SPEED, ENGINEER_HALTEDENGINEER_SETUP, 0, 20, 15, 1
2026-08-06T17:47:51, 00:18:47, 1687, Nobody, log, 0, 67, 0, 0, 0, 0, 0, [], ERROR, 0, 0, 0, 0, 0, 0, 0, 0, 0, 0, 0, 0, 0, 0, 0, fwd, SPEED, ENGINEER_HALTEDENGINEER_SETUP, 0, 20, 15, 1
2026-08-06T17:47:52, 00:18:48, 1689, Nobody, log, 0, 67, 0, 0, 0, 0, 0, [], ERROR, 0, 0, 0, 0, 0, 0, 0, 0, 0, 0, 0, 0, 0, 0, 0, fwd, SPEED, ENGINEER_HALTEDENGINEER_SETUP, 0, 20, 15, 1
2026-08-06T17:47:53, 00:18:49, 1690, Nobody, log, 0, 67, 0, 0, 0, 0, 0, [], ERROR, 0, 0, 0, 0, 0, 0, 0, 0, 0, 0, 0, 0, 0, 0, 0, fwd, SPEED, ENGINEER_HALTEDENGINEER_SETUP, 0, 20, 15, 1
2026-08-06T17:47:54, 00:18:50, 1692, Nobody, log, 0, 67, 0, 0, 0, 0, 0, [], ERROR, 0, 0, 0, 0, 0, 0, 0, 0, 0, 0, 0, 0, 0, 0, 0, fwd, SPEED, ENGINEER_HALTEDENGINEER_SETUP, 0, 20, 15, 1
2026-08-06T17:47:55, 00:18:51, 1694, Nobody, log, 0, 67, 0, 0, 0, 0, 0, [], ERROR, 0, 0, 0, 0, 0, 0, 0, 0, 0, 0, 0, 0, 0, 0, 0, fwd, SPEED, ENGINEER_HALTEDENGINEER_SETUP, 0, 20, 15, 1
2026-08-06T17:47:56, 00:18:52, 1696, Nobody, log, 0, 67, 0, 0, 0, 0, 0, [], ERROR, 0, 0, 0, 0, 0, 0, 0, 0, 0, 0, 0, 0, 0, 0, 0, fwd, SPEED, ENGINEER_HALTEDENGINEER_SETUP, 0, 20, 15, 1
2026-08-06T17:47:57, 00:18:53, 1698, Nobody, log, 0, 67, 0, 0, 0, 0, 0, [], ERROR, 0, 0, 0, 0, 0, 0, 0, 0, 0, 0, 0, 0, 0, 0, 0, fwd, SPEED, ENGINEER_HALTEDENGINEER_SETUP, 0, 20, 15, 1
2026-08-06T17:47:58, 00:18:54, 1700, Nobody, log, 0, 67, 0, 0, 0, 0, 0, [], ERROR, 0, 0, 0, 0, 0, 0, 0, 0, 0, 0, 0, 0, 0, 0, 0, fwd, SPEED, ENGINEER_HALTEDENGINEER_SETUP, 0, 20, 15, 1
2026-08-06T17:47:59, 00:18:55, 1702, Nobody, log, 0, 67, 0, 0, 0, 0, 0, [], ERROR, 0, 0, 0, 0, 0, 0, 0, 0, 0, 0, 0, 0, 0, 0, 0, fwd, SPEED, ENGINEER_HALTEDENGINEER_SETUP, 0, 20, 15, 1
2026-08-06T17:48:00, 00:18:56, 1704, Nobody, log, 0, 67, 0, 0, 0, 0, 0, [], ERROR, 0, 0, 0, 0, 0, 0, 0, 0, 0, 0, 0, 0, 0, 0, 0, fwd, SPEED, ENGINEER_HALTEDENGINEER_SETUP, 0, 20, 15, 1
2026-08-06T17:48:01, 00:18:57, 1706, Nobody, log, 0, 67, 0, 0, 0, 0, 0, [], ERROR, 0, 0, 0, 0, 0, 0, 0, 0, 0, 0, 0, 0, 0, 0, 0, fwd, SPEED, ENGINEER_HALTEDENGINEER_SETUP, 0, 20, 15, 1
2026-08-06T17:48:02, 00:18:58, 1708, Nobody, log, 0, 67, 0, 0, 0, 0, 0, [], ERROR, 0, 0, 0, 0, 0, 0, 0, 0, 0, 0, 0, 0, 0, 0, 0, fwd, SPEED, ENGINEER_HALTEDENGINEER_SETUP, 0, 20, 15, 1
2026-08-06T17:48:03, 00:18:59, 1708, Nobody, log, 0, 67, 0, 0, 0, 0, 0, [], ERROR, 0, 0, 0, 0, 0, 0, 0, 0, 0, 0, 0, 0, 0, 0, 0, fwd, SPEED, ENGINEER_HALTEDENGINEER_SETUP, 0, 20, 15, 1
2026-08-06T17:48:04, 00:19:00, 1712, Nobody, log, 0, 67, 0, 0, 0, 0, 0, [], ERROR, 0, 0, 0, 0, 0, 0, 0, 0, 0, 0, 0, 0, 0, 0, 0, fwd, SPEED, ENGINEER_HALTEDENGINEER_SETUP, 0, 20, 15, 1
2026-08-06T17:48:05, 00:19:01, 1714, Nobody, log, 0, 67, 0, 0, 0, 0, 0, [], ERROR, 0, 0, 0, 0, 0, 0, 0, 0, 0, 0, 0, 0, 0, 0, 0, fwd, SPEED, ENGINEER_HALTEDENGINEER_SETUP, 0, 20, 15, 1
2026-08-06T17:48:06, 00:19:02, 1716, Nobody, log, 0, 67, 0, 0, 0, 0, 0, [], ERROR, 0, 0, 0, 0, 0, 0, 0, 0, 0, 0, 0, 0, 0, 0, 0, fwd, SPEED, ENGINEER_HALTEDENGINEER_SETUP, 0, 20, 15, 1
2026-08-06T17:48:07, 00:19:03, 1718, Nobody, log, 0, 67, 0, 0, 0, 0, 0, [], ERROR, 0, 0, 0, 0, 0, 0, 0, 0, 0, 0, 0, 0, 0, 0, 0, fwd, SPEED, ENGINEER_HALTEDENGINEER_SETUP, 0, 20, 15, 1
2026-08-06T17:48:08, 00:19:04, 1720, Nobody, log, 0, 67, 0, 0, 0, 0, 0, [], ERROR, 0, 0, 0, 0, 0, 0, 0, 0, 0, 0, 0, 0, 0, 0, 0, fwd, SPEED, ENGINEER_HALTEDENGINEER_SETUP, 0, 20, 15, 1
2026-08-06T17:48:09, 00:19:05, 1721, Nobody, log, 0, 67, 0, 0, 0, 0, 0, [], ERROR, 0, 0, 0, 0, 0, 0, 0, 0, 0, 0, 0, 0, 0, 0, 0, fwd, SPEED, ENGINEER_HALTEDENGINEER_SETUP, 0, 20, 15, 1
2026-08-06T17:48:10, 00:19:06, 1722, Nobody, log, 0, 67, 0, 0, 0, 0, 0, [], ERROR, 0, 0, 0, 0, 0, 0, 0, 0, 0, 0, 0, 0, 0, 0, 0, fwd, SPEED, ENGINEER_HALTEDENGINEER_SETUP, 0, 20, 15, 1
2026-08-06T17:48:11, 00:19:07, 1724, Nobody, log, 0, 67, 0, 0, 0, 0, 0, [], ERROR, 0, 0, 0, 0, 0, 0, 0, 0, 0, 0, 0, 0, 0, 0, 0, fwd, SPEED, ENGINEER_HALTEDENGINEER_SETUP, 0, 20, 15, 1
2026-08-06T17:48:12, 00:19:08, 1726, Nobody, log, 0, 67, 0, 0, 0, 0, 0, [], ERROR, 0, 0, 0, 0, 0, 0, 0, 0, 0, 0, 0, 0, 0, 0, 0, fwd, SPEED, ENGINEER_HALTEDENGINEER_SETUP, 0, 20, 15, 1
2026-08-06T17:48:13, 00:19:09, 1726, Nobody, log, 0, 67, 0, 0, 0, 0, 0, [], ERROR, 0, 0, 0, 0, 0, 0, 0, 0, 0, 0, 0, 0, 0, 0, 0, fwd, SPEED, ENGINEER_HALTEDENGINEER_SETUP, 0, 20, 15, 1
2026-08-06T17:48:14, 00:19:10, 1727, Nobody, log, 0, 67, 0, 0, 0, 0, 0, [], ERROR, 0, 0, 0, 0, 0, 0, 0, 0, 0, 0, 0, 0, 0, 0, 0, fwd, SPEED, ENGINEER_HALTEDENGINEER_SETUP, 0, 20, 15, 1
2026-08-06T17:48:15, 00:19:11, 1728, Nobody, log, 0, 67, 0, 0, 0, 0, 0, [], ERROR, 0, 0, 0, 0, 0, 0, 0, 0, 0, 0, 0, 0, 0, 0, 0, fwd, SPEED, ENGINEER_HALTEDENGINEER_SETUP, 0, 20, 15, 1
2026-08-06T17:48:16, 00:19:12, 1729, Nobody, log, 0, 67, 0, 0, 0, 0, 0, [], ERROR, 0, 0, 0, 0, 0, 0, 0, 0, 0, 0, 0, 0, 0, 0, 0, fwd, SPEED, ENGINEER_HALTEDENGINEER_SETUP, 0, 20, 15, 1
2026-08-06T17:48:17, 00:19:13, 1730, Nobody, log, 0, 67, 0, 0, 0, 0, 0, [], ERROR, 0, 0, 0, 0, 0, 0, 0, 0, 0, 0, 0, 0, 0, 0, 0, fwd, SPEED, ENGINEER_HALTEDENGINEER_SETUP, 0, 20, 15, 1
2026-08-06T17:48:18, 00:19:14, 1731, Nobody, log, 0, 67, 0, 0, 0, 0, 0, [], ERROR, 0, 0, 0, 0, 0, 0, 0, 0, 0, 0, 0, 0, 0, 0, 0, fwd, SPEED, ENGINEER_HALTEDENGINEER_SETUP, 0, 20, 15, 1
2026-08-06T17:48:19, 00:19:15, 1731, Nobody, log, 0, 67, 0, 0, 0, 0, 0, [], ERROR, 0, 0, 0, 0, 0, 0, 0, 0, 0, 0, 0, 0, 0, 0, 0, fwd, SPEED, ENGINEER_HALTEDENGINEER_SETUP, 0, 20, 15, 1
2026-08-06T17:48:20, 00:19:16, 1733, Nobody, log, 0, 67, 0, 0, 0, 0, 0, [], ERROR, 0, 0, 0, 0, 0, 0, 0, 0, 0, 0, 0, 0, 0, 0, 0, fwd, SPEED, ENGINEER_HALTEDENGINEER_SETUP, 0, 20, 15, 1
2026-08-06T17:48:21, 00:19:17, 1735, Nobody, log, 0, 67, 0, 0, 0, 0, 0, [], ERROR, 0, 0, 0, 0, 0, 0, 0, 0, 0, 0, 0, 0, 0, 0, 0, fwd, SPEED, ENGINEER_HALTEDENGINEER_SETUP, 0, 20, 15, 1
2026-08-06T17:48:22, 00:19:18, 1737, Nobody, log, 0, 67, 0, 0, 0, 0, 0, [], ERROR, 0, 0, 0, 0, 0, 0, 0, 0, 0, 0, 0, 0, 0, 0, 0, fwd, SPEED, ENGINEER_HALTEDENGINEER_SETUP, 0, 20, 15, 1
2026-08-06T17:48:23, 00:19:19, 1739, Nobody, log, 0, 67, 0, 0, 0, 0, 0, [], ERROR, 0, 0, 0, 0, 0, 0, 0, 0, 0, 0, 0, 0, 0, 0, 0, fwd, SPEED, ENGINEER_HALTEDENGINEER_SETUP, 0, 20, 15, 1
2026-08-06T17:48:24, 00:19:20, 1741, Nobody, log, 0, 67, 0, 0, 0, 0, 0, [], ERROR, 0, 0, 0, 0, 0, 0, 0, 0, 0, 0, 0, 0, 0, 0, 0, fwd, SPEED, ENGINEER_HALTEDENGINEER_SETUP, 0, 20, 15, 1
2026-08-06T17:48:25, 00:19:21, 1743, Nobody, log, 0, 67, 0, 0, 0, 0, 0, [], ERROR, 0, 0, 0, 0, 0, 0, 0, 0, 0, 0, 0, 0, 0, 0, 0, fwd, SPEED, ENGINEER_HALTEDENGINEER_SETUP, 0, 20, 15, 1
2026-08-06T17:48:27, 00:19:22, 1745, Nobody, log, 0, 67, 0, 0, 0, 0, 0, [], ERROR, 0, 0, 0, 0, 0, 0, 0, 0, 0, 0, 0, 0, 0, 0, 0, fwd, SPEED, ENGINEER_HALTEDENGINEER_SETUP, 0, 20, 15, 1
2026-08-06T17:48:28, 00:19:23, 1747, Nobody, log, 0, 67, 0, 0, 0, 0, 0, [], ERROR, 0, 0, 0, 0, 0, 0, 0, 0, 0, 0, 0, 0, 0, 0, 0, fwd, SPEED, ENGINEER_HALTEDENGINEER_SETUP, 0, 20, 15, 1
2026-08-06T17:48:29, 00:19:24, 1749, Nobody, log, 0, 67, 0, 0, 0, 0, 0, [], ERROR, 0, 0, 0, 0, 0, 0, 0, 0, 0, 0, 0, 0, 0, 0, 0, fwd, SPEED, ENGINEER_HALTEDENGINEER_SETUP, 0, 20, 15, 1
2026-08-06T17:48:30, 00:19:25, 1751, Nobody, log, 0, 67, 0, 0, 0, 0, 0, [], ERROR, 0, 0, 0, 0, 0, 0, 0, 0, 0, 0, 0, 0, 0, 0, 0, fwd, SPEED, ENGINEER_HALTEDENGINEER_SETUP, 0, 20, 15, 1
2026-08-06T17:48:31, 00:19:26, 1753, Nobody, log, 0, 67, 0, 0, 0, 0, 0, [], ERROR, 0, 0, 0, 0, 0, 0, 0, 0, 0, 0, 0, 0, 0, 0, 0, fwd, SPEED, ENGINEER_HALTEDENGINEER_SETUP, 0, 20, 15, 1
2026-08-06T17:48:32, 00:19:27, 1755, Nobody, log, 0, 67, 0, 0, 0, 0, 0, [], ERROR, 0, 0, 0, 0, 0, 0, 0, 0, 0, 0, 0, 0, 0, 0, 0, fwd, SPEED, ENGINEER_HALTEDENGINEER_SETUP, 0, 20, 15, 1
2026-08-06T17:48:34, 00:19:29, 1757, Nobody, log, 0, 67, 0, 0, 0, 0, 0, [], ERROR, 0, 0, 0, 0, 0, 0, 0, 0, 0, 0, 0, 0, 0, 0, 0, fwd, SPEED, ENGINEER_HALTEDENGINEER_SETUP, 0, 20, 15, 1
2026-08-06T17:48:35, 00:19:30, 1759, Nobody, log, 0, 67, 0, 0, 0, 0, 0, [], ERROR, 0, 0, 0, 0, 0, 0, 0, 0, 0, 0, 0, 0, 0, 0, 0, fwd, SPEED, ENGINEER_HALTEDENGINEER_SETUP, 0, 20, 15, 1
2026-08-06T17:48:36, 00:19:31, 1760, Nobody, log, 0, 67, 0, 0, 0, 0, 0, [], ERROR, 0, 0, 0, 0, 0, 0, 0, 0, 0, 0, 0, 0, 0, 0, 0, fwd, SPEED, ENGINEER_HALTEDENGINEER_SETUP, 0, 20, 15, 1
2026-08-06T17:48:37, 00:19:32, 1762, Nobody, log, 0, 67, 0, 0, 0, 0, 0, [], ERROR, 0, 0, 0, 0, 0, 0, 0, 0, 0, 0, 0, 0, 0, 0, 0, fwd, SPEED, ENGINEER_HALTEDENGINEER_SETUP, 0, 20, 15, 1
2026-08-06T17:48:38, 00:19:33, 1764, Nobody, log, 0, 67, 0, 0, 0, 0, 0, [], ERROR, 0, 0, 0, 0, 0, 0, 0, 0, 0, 0, 0, 0, 0, 0, 0, fwd, SPEED, ENGINEER_HALTEDENGINEER_SETUP, 0, 20, 15, 1
2026-08-06T17:48:39, 00:19:34, 1766, Nobody, log, 0, 67, 0, 0, 0, 0, 0, [], ERROR, 0, 0, 0, 0, 0, 0, 0, 0, 0, 0, 0, 0, 0, 0, 0, fwd, SPEED, ENGINEER_HALTEDENGINEER_SETUP, 0, 20, 15, 1
2026-08-06T17:48:40, 00:19:35, 1768, Nobody, log, 0, 67, 0, 0, 0, 0, 0, [], ERROR, 0, 0, 0, 0, 0, 0, 0, 0, 0, 0, 0, 0, 0, 0, 0, fwd, SPEED, ENGINEER_HALTEDENGINEER_SETUP, 0, 20, 15, 1
2026-08-06T17:48:41, 00:19:36, 1770, Nobody, log, 0, 67, 0, 0, 0, 0, 0, [], ERROR, 0, 0, 0, 0, 0, 0, 0, 0, 0, 0, 0, 0, 0, 0, 0, fwd, SPEED, ENGINEER_HALTEDENGINEER_SETUP, 0, 20, 15, 1
2026-08-06T17:48:42, 00:19:37, 1772, Nobody, log, 0, 67, 0, 0, 0, 0, 0, [], ERROR, 0, 0, 0, 0, 0, 0, 0, 0, 0, 0, 0, 0, 0, 0, 0, fwd, SPEED, ENGINEER_HALTEDENGINEER_SETUP, 0, 20, 15, 1
2026-08-06T17:48:43, 00:19:38, 1774, Nobody, log, 0, 67, 0, 0, 0, 0, 0, [], ERROR, 0, 0, 0, 0, 0, 0, 0, 0, 0, 0, 0, 0, 0, 0, 0, fwd, SPEED, ENGINEER_HALTEDENGINEER_SETUP, 0, 20, 15, 1
2026-08-06T17:48:44, 00:19:39, 1776, Nobody, log, 0, 67, 0, 0, 0, 0, 0, [], ERROR, 0, 0, 0, 0, 0, 0, 0, 0, 0, 0, 0, 0, 0, 0, 0, fwd, SPEED, ENGINEER_HALTEDENGINEER_SETUP, 0, 20, 15, 1
2026-08-06T17:48:45, 00:19:40, 1778, Nobody, log, 0, 67, 0, 0, 0, 0, 0, [], ERROR, 0, 0, 0, 0, 0, 0, 0, 0, 0, 0, 0, 0, 0, 0, 0, fwd, SPEED, ENGINEER_HALTEDENGINEER_SETUP, 0, 20, 15, 1
2026-08-06T17:48:46, 00:19:41, 1780, Nobody, log, 0, 67, 0, 0, 0, 0, 0, [], ERROR, 0, 0, 0, 0, 0, 0, 0, 0, 0, 0, 0, 0, 0, 0, 0, fwd, SPEED, ENGINEER_HALTEDENGINEER_SETUP, 0, 20, 15, 1
2026-08-06T17:48:47, 00:19:42, 1782, Nobody, log, 0, 67, 0, 0, 0, 0, 0, [], ERROR, 0, 0, 0, 0, 0, 0, 0, 0, 0, 0, 0, 0, 0, 0, 0, fwd, SPEED, ENGINEER_HALTEDENGINEER_SETUP, 0, 20, 15, 1
2026-08-06T17:48:48, 00:19:43, 1784, Nobody, log, 0, 67, 0, 0, 0, 0, 0, [], ERROR, 0, 0, 0, 0, 0, 0, 0, 0, 0, 0, 0, 0, 0, 0, 0, fwd, SPEED, ENGINEER_HALTEDENGINEER_SETUP, 0, 20, 15, 1
2026-08-06T17:48:49, 00:19:44, 1786, Nobody, log, 0, 67, 0, 0, 0, 0, 0, [], ERROR, 0, 0, 0, 0, 0, 0, 0, 0, 0, 0, 0, 0, 0, 0, 0, fwd, SPEED, ENGINEER_HALTEDENGINEER_SETUP, 0, 20, 15, 1
2026-08-06T17:48:50, 00:19:45, 1788, Nobody, log, 0, 67, 0, 0, 0, 0, 0, [], ERROR, 0, 0, 0, 0, 0, 0, 0, 0, 0, 0, 0, 0, 0, 0, 0, fwd, SPEED, ENGINEER_HALTEDENGINEER_SETUP, 0, 20, 15, 1
2026-08-06T17:48:51, 00:19:46, 1790, Nobody, log, 0, 67, 0, 0, 0, 0, 0, [], ERROR, 0, 0, 0, 0, 0, 0, 0, 0, 0, 0, 0, 0, 0, 0, 0, fwd, SPEED, ENGINEER_HALTEDENGINEER_SETUP, 0, 20, 15, 1
2026-08-06T17:48:52, 00:19:47, 1792, Nobody, log, 0, 67, 0, 0, 0, 0, 0, [], ERROR, 0, 0, 0, 0, 0, 0, 0, 0, 0, 0, 0, 0, 0, 0, 0, fwd, SPEED, ENGINEER_HALTEDENGINEER_SETUP, 0, 20, 15, 1
2026-08-06T17:48:53, 00:19:48, 1793, Nobody, log, 0, 67, 0, 0, 0, 0, 0, [], ERROR, 0, 0, 0, 0, 0, 0, 0, 0, 0, 0, 0, 0, 0, 0, 0, fwd, SPEED, ENGINEER_HALTEDENGINEER_SETUP, 0, 20, 15, 1
2026-08-06T17:48:54, 00:19:49, 1793, Nobody, log, 0, 67, 0, 0, 0, 0, 0, [], ERROR, 0, 0, 0, 0, 0, 0, 0, 0, 0, 0, 0, 0, 0, 0, 0, fwd, SPEED, ENGINEER_HALTEDENGINEER_SETUP, 0, 20, 15, 1
2026-08-06T17:48:55, 00:19:50, 1795, Nobody, log, 0, 67, 0, 0, 0, 0, 0, [], ERROR, 0, 0, 0, 0, 0, 0, 0, 0, 0, 0, 0, 0, 0, 0, 0, fwd, SPEED, ENGINEER_HALTEDENGINEER_SETUP, 0, 20, 15, 1
2026-08-06T17:48:56, 00:19:51, 1797, Nobody, log, 0, 67, 0, 0, 0, 0, 0, [], ERROR, 0, 0, 0, 0, 0, 0, 0, 0, 0, 0, 0, 0, 0, 0, 0, fwd, SPEED, ENGINEER_HALTEDENGINEER_SETUP, 0, 20, 15, 1
2026-08-06T17:48:57, 00:19:52, 1799, Nobody, log, 0, 67, 0, 0, 0, 0, 0, [], ERROR, 0, 0, 0, 0, 0, 0, 0, 0, 0, 0, 0, 0, 0, 0, 0, fwd, SPEED, ENGINEER_HALTEDENGINEER_SETUP, 0, 20, 15, 1
2026-08-06T17:48:58, 00:19:53, 1801, Nobody, log, 0, 67, 0, 0, 0, 0, 0, [], ERROR, 0, 0, 0, 0, 0, 0, 0, 0, 0, 0, 0, 0, 0, 0, 0, fwd, SPEED, ENGINEER_HALTEDENGINEER_SETUP, 0, 20, 15, 1
2026-08-06T17:48:59, 00:19:54, 1802, Nobody, log, 0, 67, 0, 0, 0, 0, 0, [], ERROR, 0, 0, 0, 0, 0, 0, 0, 0, 0, 0, 0, 0, 0, 0, 0, fwd, SPEED, ENGINEER_HALTEDENGINEER_SETUP, 0, 20, 15, 1
2026-08-06T17:49:00, 00:19:55, 1803, Nobody, log, 0, 67, 0, 0, 0, 0, 0, [], ERROR, 0, 0, 0, 0, 0, 0, 0, 0, 0, 0, 0, 0, 0, 0, 0, fwd, SPEED, ENGINEER_HALTEDENGINEER_SETUP, 0, 20, 15, 1
2026-08-06T17:49:01, 00:19:56, 1804, Nobody, log, 0, 67, 0, 0, 0, 0, 0, [], ERROR, 0, 0, 0, 0, 0, 0, 0, 0, 0, 0, 0, 0, 0, 0, 0, fwd, SPEED, ENGINEER_HALTEDENGINEER_SETUP, 0, 20, 15, 1
2026-08-06T17:49:02, 00:19:57, 1806, Nobody, log, 0, 67, 0, 0, 0, 0, 0, [], ERROR, 0, 0, 0, 0, 0, 0, 0, 0, 0, 0, 0, 0, 0, 0, 0, fwd, SPEED, ENGINEER_HALTEDENGINEER_SETUP, 0, 20, 15, 1
2026-08-06T17:49:03, 00:19:58, 1808, Nobody, log, 0, 67, 0, 0, 0, 0, 0, [], ERROR, 0, 0, 0, 0, 0, 0, 0, 0, 0, 0, 0, 0, 0, 0, 0, fwd, SPEED, ENGINEER_HALTEDENGINEER_SETUP, 0, 20, 15, 1
2026-08-06T17:49:04, 00:19:59, 1810, Nobody, log, 0, 67, 0, 0, 0, 0, 0, [], ERROR, 0, 0, 0, 0, 0, 0, 0, 0, 0, 0, 0, 0, 0, 0, 0, fwd, SPEED, ENGINEER_HALTEDENGINEER_SETUP, 0, 20, 15, 1
2026-08-06T17:49:05, 00:20:00, 1812, Nobody, log, 0, 67, 0, 0, 0, 0, 0, [], ERROR, 0, 0, 0, 0, 0, 0, 0, 0, 0, 0, 0, 0, 0, 0, 0, fwd, SPEED, ENGINEER_HALTEDENGINEER_SETUP, 0, 20, 15, 1
2026-08-06T17:49:06, 00:20:01, 1814, Nobody, log, 0, 67, 0, 0, 0, 0, 0, [], ERROR, 0, 0, 0, 0, 0, 0, 0, 0, 0, 0, 0, 0, 0, 0, 0, fwd, SPEED, ENGINEER_HALTEDENGINEER_SETUP, 0, 20, 15, 1
2026-08-06T17:49:07, 00:20:02, 1815, Nobody, log, 0, 67, 0, 0, 0, 0, 0, [], ERROR, 0, 0, 0, 0, 0, 0, 0, 0, 0, 0, 0, 0, 0, 0, 0, fwd, SPEED, ENGINEER_HALTEDENGINEER_SETUP, 0, 20, 15, 1
2026-08-06T17:49:08, 00:20:03, 1817, Nobody, log, 0, 67, 0, 0, 0, 0, 0, [], ERROR, 0, 0, 0, 0, 0, 0, 0, 0, 0, 0, 0, 0, 0, 0, 0, fwd, SPEED, ENGINEER_HALTEDENGINEER_SETUP, 0, 20, 15, 1
2026-08-06T17:49:09, 00:20:04, 1817, Nobody, log, 0, 67, 0, 0, 0, 0, 0, [], ERROR, 0, 0, 0, 0, 0, 0, 0, 0, 0, 0, 0, 0, 0, 0, 0, fwd, SPEED, ENGINEER_HALTEDENGINEER_SETUP, 0, 20, 15, 1
2026-08-06T17:49:10, 00:20:05, 1819, Nobody, log, 0, 67, 0, 0, 0, 0, 0, [], ERROR, 0, 0, 0, 0, 0, 0, 0, 0, 0, 0, 0, 0, 0, 0, 0, fwd, SPEED, ENGINEER_HALTEDENGINEER_SETUP, 0, 20, 15, 1
2026-08-06T17:49:11, 00:20:06, 1821, Nobody, log, 0, 67, 0, 0, 0, 0, 0, [], ERROR, 0, 0, 0, 0, 0, 0, 0, 0, 0, 0, 0, 0, 0, 0, 0, fwd, SPEED, ENGINEER_HALTEDENGINEER_SETUP, 0, 20, 15, 1
2026-08-06T17:49:12, 00:20:07, 1823, Nobody, log, 0, 67, 0, 0, 0, 0, 0, [], ERROR, 0, 0, 0, 0, 0, 0, 0, 0, 0, 0, 0, 0, 0, 0, 0, fwd, SPEED, ENGINEER_HALTEDENGINEER_SETUP, 0, 20, 15, 1
2026-08-06T17:49:13, 00:20:08, 1825, Nobody, log, 0, 67, 0, 0, 0, 0, 0, [], ERROR, 0, 0, 0, 0, 0, 0, 0, 0, 0, 0, 0, 0, 0, 0, 0, fwd, SPEED, ENGINEER_HALTEDENGINEER_SETUP, 0, 20, 15, 1
2026-08-06T17:49:14, 00:20:09, 1827, Nobody, log, 0, 67, 0, 0, 0, 0, 0, [], ERROR, 0, 0, 0, 0, 0, 0, 0, 0, 0, 0, 0, 0, 0, 0, 0, fwd, SPEED, ENGINEER_HALTEDENGINEER_SETUP, 0, 20, 15, 1
2026-08-06T17:49:15, 00:20:10, 1829, Nobody, log, 0, 67, 0, 0, 0, 0, 0, [], ERROR, 0, 0, 0, 0, 0, 0, 0, 0, 0, 0, 0, 0, 0, 0, 0, fwd, SPEED, ENGINEER_HALTEDENGINEER_SETUP, 0, 20, 15, 1
2026-08-06T17:49:16, 00:20:11, 1831, Nobody, log, 0, 67, 0, 0, 0, 0, 0, [], ERROR, 0, 0, 0, 0, 0, 0, 0, 0, 0, 0, 0, 0, 0, 0, 0, fwd, SPEED, ENGINEER_HALTEDENGINEER_SETUP, 0, 20, 15, 1
2026-08-06T17:49:17, 00:20:12, 1833, Nobody, log, 0, 67, 0, 0, 0, 0, 0, [], ERROR, 0, 0, 0, 0, 0, 0, 0, 0, 0, 0, 0, 0, 0, 0, 0, fwd, SPEED, ENGINEER_HALTEDENGINEER_SETUP, 0, 20, 15, 1
2026-08-06T17:49:18, 00:20:13, 1834, Nobody, log, 0, 67, 0, 0, 0, 0, 0, [], ERROR, 0, 0, 0, 0, 0, 0, 0, 0, 0, 0, 0, 0, 0, 0, 0, fwd, SPEED, ENGINEER_HALTEDENGINEER_SETUP, 0, 20, 15, 1
2026-08-06T17:49:19, 00:20:14, 1836, Nobody, log, 0, 67, 0, 0, 0, 0, 0, [], ERROR, 0, 0, 0, 0, 0, 0, 0, 0, 0, 0, 0, 0, 0, 0, 0, fwd, SPEED, ENGINEER_HALTEDENGINEER_SETUP, 0, 20, 15, 1
2026-08-06T17:49:20, 00:20:15, 1838, Nobody, log, 0, 67, 0, 0, 0, 0, 0, [], ERROR, 0, 0, 0, 0, 0, 0, 0, 0, 0, 0, 0, 0, 0, 0, 0, fwd, SPEED, ENGINEER_HALTEDENGINEER_SETUP, 0, 20, 15, 1
2026-08-06T17:49:21, 00:20:16, 1840, Nobody, log, 0, 67, 0, 0, 0, 0, 0, [], ERROR, 0, 0, 0, 0, 0, 0, 0, 0, 0, 0, 0, 0, 0, 0, 0, fwd, SPEED, ENGINEER_HALTEDENGINEER_SETUP, 0, 20, 15, 1
2026-08-06T17:49:22, 00:20:17, 1842, Nobody, log, 0, 67, 0, 0, 0, 0, 0, [], ERROR, 0, 0, 0, 0, 0, 0, 0, 0, 0, 0, 0, 0, 0, 0, 0, fwd, SPEED, ENGINEER_HALTEDENGINEER_SETUP, 0, 20, 15, 1
2026-08-06T17:49:23, 00:20:18, 1844, Nobody, log, 0, 67, 0, 0, 0, 0, 0, [], ERROR, 0, 0, 0, 0, 0, 0, 0, 0, 0, 0, 0, 0, 0, 0, 0, fwd, SPEED, ENGINEER_HALTEDENGINEER_SETUP, 0, 20, 15, 1
2026-08-06T17:49:24, 00:20:19, 1846, Nobody, log, 0, 67, 0, 0, 0, 0, 0, [], ERROR, 0, 0, 0, 0, 0, 0, 0, 0, 0, 0, 0, 0, 0, 0, 0, fwd, SPEED, ENGINEER_HALTEDENGINEER_SETUP, 0, 20, 15, 1
2026-08-06T17:49:26, 00:20:21, 1848, Nobody, log, 0, 67, 0, 0, 0, 0, 0, [], ERROR, 0, 0, 0, 0, 0, 0, 0, 0, 0, 0, 0, 0, 0, 0, 0, fwd, SPEED, ENGINEER_HALTEDENGINEER_SETUP, 0, 20, 15, 1
2026-08-06T17:49:27, 00:20:22, 1850, Nobody, log, 0, 67, 0, 0, 0, 0, 0, [], ERROR, 0, 0, 0, 0, 0, 0, 0, 0, 0, 0, 0, 0, 0, 0, 0, fwd, SPEED, ENGINEER_HALTEDENGINEER_SETUP, 0, 20, 15, 1
2026-08-06T17:49:27, 00:20:23, 1851, Nobody, log, 0, 67, 0, 0, 0, 0, 0, [], ERROR, 0, 0, 0, 0, 0, 0, 0, 0, 0, 0, 0, 0, 0, 0, 0, fwd, SPEED, ENGINEER_HALTEDENGINEER_SETUP, 0, 20, 15, 1
2026-08-06T17:49:28, 00:20:24, 1852, Nobody, log, 0, 67, 0, 0, 0, 0, 0, [], ERROR, 0, 0, 0, 0, 0, 0, 0, 0, 0, 0, 0, 0, 0, 0, 0, fwd, SPEED, ENGINEER_HALTEDENGINEER_SETUP, 0, 20, 15, 1
2026-08-06T17:49:29, 00:20:25, 1854, Nobody, log, 0, 67, 0, 0, 0, 0, 0, [], ERROR, 0, 0, 0, 0, 0, 0, 0, 0, 0, 0, 0, 0, 0, 0, 0, fwd, SPEED, ENGINEER_HALTEDENGINEER_SETUP, 0, 20, 15, 1
2026-08-06T17:49:30, 00:20:26, 1856, Nobody, log, 0, 67, 0, 0, 0, 0, 0, [], ERROR, 0, 0, 0, 0, 0, 0, 0, 0, 0, 0, 0, 0, 0, 0, 0, fwd, SPEED, ENGINEER_HALTEDENGINEER_SETUP, 0, 20, 15, 1
2026-08-06T17:49:31, 00:20:27, 1858, Nobody, log, 0, 67, 0, 0, 0, 0, 0, [], ERROR, 0, 0, 0, 0, 0, 0, 0, 0, 0, 0, 0, 0, 0, 0, 0, fwd, SPEED, ENGINEER_HALTEDENGINEER_SETUP, 0, 20, 15, 1
2026-08-06T17:49:32, 00:20:28, 1860, Nobody, log, 0, 67, 0, 0, 0, 0, 0, [], ERROR, 0, 0, 0, 0, 0, 0, 0, 0, 0, 0, 0, 0, 0, 0, 0, fwd, SPEED, ENGINEER_HALTEDENGINEER_SETUP, 0, 20, 15, 1
2026-08-06T17:49:33, 00:20:29, 1860, Nobody, log, 0, 67, 0, 0, 0, 0, 0, [], ERROR, 0, 0, 0, 0, 0, 0, 0, 0, 0, 0, 0, 0, 0, 0, 0, fwd, SPEED, ENGINEER_HALTEDENGINEER_SETUP, 0, 20, 15, 1
2026-08-06T17:49:34, 00:20:30, 1863, Nobody, log, 0, 67, 0, 0, 0, 0, 0, [], ERROR, 0, 0, 0, 0, 0, 0, 0, 0, 0, 0, 0, 0, 0, 0, 0, fwd, SPEED, ENGINEER_HALTEDENGINEER_SETUP, 0, 20, 15, 1
2026-08-06T17:49:35, 00:20:31, 1865, Nobody, log, 0, 67, 0, 0, 0, 0, 0, [], ERROR, 0, 0, 0, 0, 0, 0, 0, 0, 0, 0, 0, 0, 0, 0, 0, fwd, SPEED, ENGINEER_HALTEDENGINEER_SETUP, 0, 20, 15, 1
2026-08-06T17:49:36, 00:20:32, 1867, Nobody, log, 0, 67, 0, 0, 0, 0, 0, [], ERROR, 0, 0, 0, 0, 0, 0, 0, 0, 0, 0, 0, 0, 0, 0, 0, fwd, SPEED, ENGINEER_HALTEDENGINEER_SETUP, 0, 20, 15, 1
2026-08-06T17:49:37, 00:20:33, 1868, Nobody, log, 0, 67, 0, 0, 0, 0, 0, [], ERROR, 0, 0, 0, 0, 0, 0, 0, 0, 0, 0, 0, 0, 0, 0, 0, fwd, SPEED, ENGINEER_HALTEDENGINEER_SETUP, 0, 20, 15, 1
2026-08-06T17:49:38, 00:20:34, 1867, Nobody, log, 0, 67, 0, 0, 0, 0, 0, [], ERROR, 0, 0, 0, 0, 0, 0, 0, 0, 0, 0, 0, 0, 0, 0, 0, fwd, SPEED, ENGINEER_HALTEDENGINEER_SETUP, 0, 20, 15, 1
2026-08-06T17:49:39, 00:20:35, 1869, Nobody, log, 0, 67, 0, 0, 0, 0, 0, [], ERROR, 0, 0, 0, 0, 0, 0, 0, 0, 0, 0, 0, 0, 0, 0, 0, fwd, SPEED, ENGINEER_HALTEDENGINEER_SETUP, 0, 20, 15, 1
2026-08-06T17:49:40, 00:20:36, 1871, Nobody, log, 0, 67, 0, 0, 0, 0, 0, [], ERROR, 0, 0, 0, 0, 0, 0, 0, 0, 0, 0, 0, 0, 0, 0, 0, fwd, SPEED, ENGINEER_HALTEDENGINEER_SETUP, 0, 20, 15, 1
2026-08-06T17:49:41, 00:20:37, 1873, Nobody, log, 0, 67, 0, 0, 0, 0, 0, [], ERROR, 0, 0, 0, 0, 0, 0, 0, 0, 0, 0, 0, 0, 0, 0, 0, fwd, SPEED, ENGINEER_HALTEDENGINEER_SETUP, 0, 20, 15, 1
2026-08-06T17:49:42, 00:20:38, 1875, Nobody, log, 0, 67, 0, 0, 0, 0, 0, [], ERROR, 0, 0, 0, 0, 0, 0, 0, 0, 0, 0, 0, 0, 0, 0, 0, fwd, SPEED, ENGINEER_HALTEDENGINEER_SETUP, 0, 20, 15, 1
2026-08-06T17:49:43, 00:20:39, 1875, Nobody, log, 0, 67, 0, 0, 0, 0, 0, [], ERROR, 0, 0, 0, 0, 0, 0, 0, 0, 0, 0, 0, 0, 0, 0, 0, fwd, SPEED, ENGINEER_HALTEDENGINEER_SETUP, 0, 20, 15, 1
2026-08-06T17:49:44, 00:20:40, 1877, Nobody, log, 0, 67, 0, 0, 0, 0, 0, [], ERROR, 0, 0, 0, 0, 0, 0, 0, 0, 0, 0, 0, 0, 0, 0, 0, fwd, SPEED, ENGINEER_HALTEDENGINEER_SETUP, 0, 20, 15, 1
2026-08-06T17:49:45, 00:20:41, 1879, Nobody, log, 0, 67, 0, 0, 0, 0, 0, [], ERROR, 0, 0, 0, 0, 0, 0, 0, 0, 0, 0, 0, 0, 0, 0, 0, fwd, SPEED, ENGINEER_HALTEDENGINEER_SETUP, 0, 20, 15, 1
2026-08-06T17:49:46, 00:20:42, 1881, Nobody, log, 0, 67, 0, 0, 0, 0, 0, [], ERROR, 0, 0, 0, 0, 0, 0, 0, 0, 0, 0, 0, 0, 0, 0, 0, fwd, SPEED, ENGINEER_HALTEDENGINEER_SETUP, 0, 20, 15, 1
2026-08-06T17:49:47, 00:20:43, 1882, Nobody, log, 0, 67, 0, 0, 0, 0, 0, [], ERROR, 0, 0, 0, 0, 0, 0, 0, 0, 0, 0, 0, 0, 0, 0, 0, fwd, SPEED, ENGINEER_HALTEDENGINEER_SETUP, 0, 20, 15, 1
2026-08-06T17:49:48, 00:20:44, 1883, Nobody, log, 0, 67, 0, 0, 0, 0, 0, [], ERROR, 0, 0, 0, 0, 0, 0, 0, 0, 0, 0, 0, 0, 0, 0, 0, fwd, SPEED, ENGINEER_HALTEDENGINEER_SETUP, 0, 20, 15, 1
2026-08-06T17:49:49, 00:20:45, 1885, Nobody, log, 0, 67, 0, 0, 0, 0, 0, [], ERROR, 0, 0, 0, 0, 0, 0, 0, 0, 0, 0, 0, 0, 0, 0, 0, fwd, SPEED, ENGINEER_HALTEDENGINEER_SETUP, 0, 20, 15, 1
2026-08-06T17:49:50, 00:20:46, 1887, Nobody, log, 0, 67, 0, 0, 0, 0, 0, [], ERROR, 0, 0, 0, 0, 0, 0, 0, 0, 0, 0, 0, 0, 0, 0, 0, fwd, SPEED, ENGINEER_HALTEDENGINEER_SETUP, 0, 20, 15, 1
2026-08-06T17:49:51, 00:20:47, 1889, Nobody, log, 0, 67, 0, 0, 0, 0, 0, [], ERROR, 0, 0, 0, 0, 0, 0, 0, 0, 0, 0, 0, 0, 0, 0, 0, fwd, SPEED, ENGINEER_HALTEDENGINEER_SETUP, 0, 20, 15, 1
2026-08-06T17:49:52, 00:20:48, 1890, Nobody, log, 0, 67, 0, 0, 0, 0, 0, [], ERROR, 0, 0, 0, 0, 0, 0, 0, 0, 0, 0, 0, 0, 0, 0, 0, fwd, SPEED, ENGINEER_HALTEDENGINEER_SETUP, 0, 20, 15, 1
2026-08-06T17:49:53, 00:20:49, 1891, Nobody, log, 0, 67, 0, 0, 0, 0, 0, [], ERROR, 0, 0, 0, 0, 0, 0, 0, 0, 0, 0, 0, 0, 0, 0, 0, fwd, SPEED, ENGINEER_HALTEDENGINEER_SETUP, 0, 20, 15, 1
2026-08-06T17:49:54, 00:20:50, 1892, Nobody, log, 0, 67, 0, 0, 0, 0, 0, [], ERROR, 0, 0, 0, 0, 0, 0, 0, 0, 0, 0, 0, 0, 0, 0, 0, fwd, SPEED, ENGINEER_HALTEDENGINEER_SETUP, 0, 20, 15, 1
2026-08-06T17:49:55, 00:20:51, 1894, Nobody, log, 0, 67, 0, 0, 0, 0, 0, [], ERROR, 0, 0, 0, 0, 0, 0, 0, 0, 0, 0, 0, 0, 0, 0, 0, fwd, SPEED, ENGINEER_HALTEDENGINEER_SETUP, 0, 20, 15, 1
2026-08-06T17:49:56, 00:20:52, 1896, Nobody, log, 0, 67, 0, 0, 0, 0, 0, [], ERROR, 0, 0, 0, 0, 0, 0, 0, 0, 0, 0, 0, 0, 0, 0, 0, fwd, SPEED, ENGINEER_HALTEDENGINEER_SETUP, 0, 20, 15, 1
2026-08-06T17:49:57, 00:20:53, 1898, Nobody, log, 0, 67, 0, 0, 0, 0, 0, [], ERROR, 0, 0, 0, 0, 0, 0, 0, 0, 0, 0, 0, 0, 0, 0, 0, fwd, SPEED, ENGINEER_HALTEDENGINEER_SETUP, 0, 20, 15, 1
2026-08-06T17:49:58, 00:20:54, 1899, Nobody, log, 0, 67, 0, 0, 0, 0, 0, [], ERROR, 0, 0, 0, 0, 0, 0, 0, 0, 0, 0, 0, 0, 0, 0, 0, fwd, SPEED, ENGINEER_HALTEDENGINEER_SETUP, 0, 20, 15, 1
2026-08-06T17:49:59, 00:20:55, 1901, Nobody, log, 0, 67, 0, 0, 0, 0, 0, [], ERROR, 0, 0, 0, 0, 0, 0, 0, 0, 0, 0, 0, 0, 0, 0, 0, fwd, SPEED, ENGINEER_HALTEDENGINEER_SETUP, 0, 20, 15, 1
2026-08-06T17:50:00, 00:20:56, 1903, Nobody, log, 0, 67, 0, 0, 0, 0, 0, [], ERROR, 0, 0, 0, 0, 0, 0, 0, 0, 0, 0, 0, 0, 0, 0, 0, fwd, SPEED, ENGINEER_HALTEDENGINEER_SETUP, 0, 20, 15, 1
2026-08-06T17:50:01, 00:20:57, 1905, Nobody, log, 0, 67, 0, 0, 0, 0, 0, [], ERROR, 0, 0, 0, 0, 0, 0, 0, 0, 0, 0, 0, 0, 0, 0, 0, fwd, SPEED, ENGINEER_HALTEDENGINEER_SETUP, 0, 20, 15, 1
2026-08-06T17:50:02, 00:20:58, 1907, Nobody, log, 0, 67, 0, 0, 0, 0, 0, [], ERROR, 0, 0, 0, 0, 0, 0, 0, 0, 0, 0, 0, 0, 0, 0, 0, fwd, SPEED, ENGINEER_HALTEDENGINEER_SETUP, 0, 20, 15, 1
2026-08-06T17:50:03, 00:20:59, 1909, Nobody, log, 0, 67, 0, 0, 0, 0, 0, [], ERROR, 0, 0, 0, 0, 0, 0, 0, 0, 0, 0, 0, 0, 0, 0, 0, fwd, SPEED, ENGINEER_HALTEDENGINEER_SETUP, 0, 20, 15, 1
2026-08-06T17:50:04, 00:21:00, 1910, Nobody, log, 0, 67, 0, 0, 0, 0, 0, [], ERROR, 0, 0, 0, 0, 0, 0, 0, 0, 0, 0, 0, 0, 0, 0, 0, fwd, SPEED, ENGINEER_HALTEDENGINEER_SETUP, 0, 20, 15, 1
2026-08-06T17:50:05, 00:21:01, 1911, Nobody, log, 0, 67, 0, 0, 0, 0, 0, [], ERROR, 0, 0, 0, 0, 0, 0, 0, 0, 0, 0, 0, 0, 0, 0, 0, fwd, SPEED, ENGINEER_HALTEDENGINEER_SETUP, 0, 20, 15, 1
2026-08-06T17:50:06, 00:21:02, 1913, Nobody, log, 0, 67, 0, 0, 0, 0, 0, [], ERROR, 0, 0, 0, 0, 0, 0, 0, 0, 0, 0, 0, 0, 0, 0, 0, fwd, SPEED, ENGINEER_HALTEDENGINEER_SETUP, 0, 20, 15, 1
2026-08-06T17:50:07, 00:21:03, 1915, Nobody, log, 0, 67, 0, 0, 0, 0, 0, [], ERROR, 0, 0, 0, 0, 0, 0, 0, 0, 0, 0, 0, 0, 0, 0, 0, fwd, SPEED, ENGINEER_HALTEDENGINEER_SETUP, 0, 20, 15, 1
2026-08-06T17:50:08, 00:21:04, 1916, Nobody, log, 0, 67, 0, 0, 0, 0, 0, [], ERROR, 0, 0, 0, 0, 0, 0, 0, 0, 0, 0, 0, 0, 0, 0, 0, fwd, SPEED, ENGINEER_HALTEDENGINEER_SETUP, 0, 20, 15, 1
2026-08-06T17:50:09, 00:21:05, 1917, Nobody, log, 0, 67, 0, 0, 0, 0, 0, [], ERROR, 0, 0, 0, 0, 0, 0, 0, 0, 0, 0, 0, 0, 0, 0, 0, fwd, SPEED, ENGINEER_HALTEDENGINEER_SETUP, 0, 20, 15, 1
2026-08-06T17:50:10, 00:21:06, 1917, Nobody, log, 0, 67, 0, 0, 0, 0, 0, [], ERROR, 0, 0, 0, 0, 0, 0, 0, 0, 0, 0, 0, 0, 0, 0, 0, fwd, SPEED, ENGINEER_HALTEDENGINEER_SETUP, 0, 20, 15, 1
2026-08-06T17:50:11, 00:21:07, 1918, Nobody, log, 0, 67, 0, 0, 0, 0, 0, [], ERROR, 0, 0, 0, 0, 0, 0, 0, 0, 0, 0, 0, 0, 0, 0, 0, fwd, SPEED, ENGINEER_HALTEDENGINEER_SETUP, 0, 20, 15, 1
2026-08-06T17:50:12, 00:21:08, 1919, Nobody, log, 0, 67, 0, 0, 0, 0, 0, [], ERROR, 0, 0, 0, 0, 0, 0, 0, 0, 0, 0, 0, 0, 0, 0, 0, fwd, SPEED, ENGINEER_HALTEDENGINEER_SETUP, 0, 20, 15, 1
2026-08-06T17:50:13, 00:21:09, 1921, Nobody, log, 0, 67, 0, 0, 0, 0, 0, [], ERROR, 0, 0, 0, 0, 0, 0, 0, 0, 0, 0, 0, 0, 0, 0, 0, fwd, SPEED, ENGINEER_HALTEDENGINEER_SETUP, 0, 20, 15, 1
2026-08-06T17:50:14, 00:21:10, 1923, Nobody, log, 0, 67, 0, 0, 0, 0, 0, [], ERROR, 0, 0, 0, 0, 0, 0, 0, 0, 0, 0, 0, 0, 0, 0, 0, fwd, SPEED, ENGINEER_HALTEDENGINEER_SETUP, 0, 20, 15, 1
2026-08-06T17:50:15, 00:21:11, 1925, Nobody, log, 0, 67, 0, 0, 0, 0, 0, [], ERROR, 0, 0, 0, 0, 0, 0, 0, 0, 0, 0, 0, 0, 0, 0, 0, fwd, SPEED, ENGINEER_HALTEDENGINEER_SETUP, 0, 20, 15, 1
2026-08-06T17:50:16, 00:21:12, 1927, Nobody, log, 0, 67, 0, 0, 0, 0, 0, [], ERROR, 0, 0, 0, 0, 0, 0, 0, 0, 0, 0, 0, 0, 0, 0, 0, fwd, SPEED, ENGINEER_HALTEDENGINEER_SETUP, 0, 20, 15, 1
2026-08-06T17:50:17, 00:21:13, 1929, Nobody, log, 0, 67, 0, 0, 0, 0, 0, [], ERROR, 0, 0, 0, 0, 0, 0, 0, 0, 0, 0, 0, 0, 0, 0, 0, fwd, SPEED, ENGINEER_HALTEDENGINEER_SETUP, 0, 20, 15, 1
2026-08-06T17:50:18, 00:21:14, 1931, Nobody, log, 0, 67, 0, 0, 0, 0, 0, [], ERROR, 0, 0, 0, 0, 0, 0, 0, 0, 0, 0, 0, 0, 0, 0, 0, fwd, SPEED, ENGINEER_HALTEDENGINEER_SETUP, 0, 20, 15, 1
2026-08-06T17:50:19, 00:21:15, 1933, Nobody, log, 0, 67, 0, 0, 0, 0, 0, [], ERROR, 0, 0, 0, 0, 0, 0, 0, 0, 0, 0, 0, 0, 0, 0, 0, fwd, SPEED, ENGINEER_HALTEDENGINEER_SETUP, 0, 20, 15, 1
2026-08-06T17:50:21, 00:21:17, 1935, Nobody, log, 0, 67, 0, 0, 0, 0, 0, [], ERROR, 0, 0, 0, 0, 0, 0, 0, 0, 0, 0, 0, 0, 0, 0, 0, fwd, SPEED, ENGINEER_HALTEDENGINEER_SETUP, 0, 20, 15, 1
2026-08-06T17:50:22, 00:21:18, 1937, Nobody, log, 0, 67, 0, 0, 0, 0, 0, [], ERROR, 0, 0, 0, 0, 0, 0, 0, 0, 0, 0, 0, 0, 0, 0, 0, fwd, SPEED, ENGINEER_HALTEDENGINEER_SETUP, 0, 20, 15, 1
2026-08-06T17:50:23, 00:21:19, 1939, Nobody, log, 0, 67, 0, 0, 0, 0, 0, [], ERROR, 0, 0, 0, 0, 0, 0, 0, 0, 0, 0, 0, 0, 0, 0, 0, fwd, SPEED, ENGINEER_HALTEDENGINEER_SETUP, 0, 20, 15, 1
2026-08-06T17:50:24, 00:21:20, 1941, Nobody, log, 0, 67, 0, 0, 0, 0, 0, [], ERROR, 0, 0, 0, 0, 0, 0, 0, 0, 0, 0, 0, 0, 0, 0, 0, fwd, SPEED, ENGINEER_HALTEDENGINEER_SETUP, 0, 20, 15, 1
2026-08-06T17:50:25, 00:21:21, 1943, Nobody, log, 0, 67, 0, 0, 0, 0, 0, [], ERROR, 0, 0, 0, 0, 0, 0, 0, 0, 0, 0, 0, 0, 0, 0, 0, fwd, SPEED, ENGINEER_HALTEDENGINEER_SETUP, 0, 20, 15, 1
2026-08-06T17:50:26, 00:21:22, 1945, Nobody, log, 0, 67, 0, 0, 0, 0, 0, [], ERROR, 0, 0, 0, 0, 0, 0, 0, 0, 0, 0, 0, 0, 0, 0, 0, fwd, SPEED, ENGINEER_HALTEDENGINEER_SETUP, 0, 20, 15, 1
2026-08-06T17:50:27, 00:21:23, 1947, Nobody, log, 0, 67, 0, 0, 0, 0, 0, [], ERROR, 0, 0, 0, 0, 0, 0, 0, 0, 0, 0, 0, 0, 0, 0, 0, fwd, SPEED, ENGINEER_HALTEDENGINEER_SETUP, 0, 20, 15, 1
2026-08-06T17:50:28, 00:21:24, 1949, Nobody, log, 0, 67, 0, 0, 0, 0, 0, [], ERROR, 0, 0, 0, 0, 0, 0, 0, 0, 0, 0, 0, 0, 0, 0, 0, fwd, SPEED, ENGINEER_HALTEDENGINEER_SETUP, 0, 20, 15, 1
2026-08-06T17:50:29, 00:21:25, 1950, Nobody, log, 0, 67, 0, 0, 0, 0, 0, [], ERROR, 0, 0, 0, 0, 0, 0, 0, 0, 0, 0, 0, 0, 0, 0, 0, fwd, SPEED, ENGINEER_HALTEDENGINEER_SETUP, 0, 20, 15, 1
2026-08-06T17:50:30, 00:21:26, 1951, Nobody, log, 0, 67, 0, 0, 0, 0, 0, [], ERROR, 0, 0, 0, 0, 0, 0, 0, 0, 0, 0, 0, 0, 0, 0, 0, fwd, SPEED, ENGINEER_HALTEDENGINEER_SETUP, 0, 20, 15, 1
2026-08-06T17:50:31, 00:21:27, 1953, Nobody, log, 0, 67, 0, 0, 0, 0, 0, [], ERROR, 0, 0, 0, 0, 0, 0, 0, 0, 0, 0, 0, 0, 0, 0, 0, fwd, SPEED, ENGINEER_HALTEDENGINEER_SETUP, 0, 20, 15, 1
2026-08-06T17:50:32, 00:21:28, 1955, Nobody, log, 0, 67, 0, 0, 0, 0, 0, [], ERROR, 0, 0, 0, 0, 0, 0, 0, 0, 0, 0, 0, 0, 0, 0, 0, fwd, SPEED, ENGINEER_HALTEDENGINEER_SETUP, 0, 20, 15, 1
2026-08-06T17:50:33, 00:21:29, 1957, Nobody, log, 0, 67, 0, 0, 0, 0, 0, [], ERROR, 0, 0, 0, 0, 0, 0, 0, 0, 0, 0, 0, 0, 0, 0, 0, fwd, SPEED, ENGINEER_HALTEDENGINEER_SETUP, 0, 20, 15, 1
2026-08-06T17:50:34, 00:21:30, 1959, Nobody, log, 0, 67, 0, 0, 0, 0, 0, [], ERROR, 0, 0, 0, 0, 0, 0, 0, 0, 0, 0, 0, 0, 0, 0, 0, fwd, SPEED, ENGINEER_HALTEDENGINEER_SETUP, 0, 20, 15, 1
2026-08-06T17:50:35, 00:21:31, 1961, Nobody, log, 0, 67, 0, 0, 0, 0, 0, [], ERROR, 0, 0, 0, 0, 0, 0, 0, 0, 0, 0, 0, 0, 0, 0, 0, fwd, SPEED, ENGINEER_HALTEDENGINEER_SETUP, 0, 20, 15, 1
2026-08-06T17:50:36, 00:21:32, 1963, Nobody, log, 0, 67, 0, 0, 0, 0, 0, [], ERROR, 0, 0, 0, 0, 0, 0, 0, 0, 0, 0, 0, 0, 0, 0, 0, fwd, SPEED, ENGINEER_HALTEDENGINEER_SETUP, 0, 20, 15, 1
2026-08-06T17:50:37, 00:21:33, 1965, Nobody, log, 0, 67, 0, 0, 0, 0, 0, [], ERROR, 0, 0, 0, 0, 0, 0, 0, 0, 0, 0, 0, 0, 0, 0, 0, fwd, SPEED, ENGINEER_HALTEDENGINEER_SETUP, 0, 20, 15, 1
2026-08-06T17:50:38, 00:21:34, 1966, Nobody, log, 0, 67, 0, 0, 0, 0, 0, [], ERROR, 0, 0, 0, 0, 0, 0, 0, 0, 0, 0, 0, 0, 0, 0, 0, fwd, SPEED, ENGINEER_HALTEDENGINEER_SETUP, 0, 20, 15, 1
2026-08-06T17:50:39, 00:21:35, 1966, Nobody, log, 0, 67, 0, 0, 0, 0, 0, [], ERROR, 0, 0, 0, 0, 0, 0, 0, 0, 0, 0, 0, 0, 0, 0, 0, fwd, SPEED, ENGINEER_HALTEDENGINEER_SETUP, 0, 20, 15, 1
2026-08-06T17:50:40, 00:21:36, 1967, Nobody, log, 0, 67, 0, 0, 0, 0, 0, [], ERROR, 0, 0, 0, 0, 0, 0, 0, 0, 0, 0, 0, 0, 0, 0, 0, fwd, SPEED, ENGINEER_HALTEDENGINEER_SETUP, 0, 20, 15, 1
2026-08-06T17:50:41, 00:21:37, 1969, Nobody, log, 0, 67, 0, 0, 0, 0, 0, [], ERROR, 0, 0, 0, 0, 0, 0, 0, 0, 0, 0, 0, 0, 0, 0, 0, fwd, SPEED, ENGINEER_HALTEDENGINEER_SETUP, 0, 20, 15, 1
2026-08-06T17:50:42, 00:21:38, 1971, Nobody, log, 0, 67, 0, 0, 0, 0, 0, [], ERROR, 0, 0, 0, 0, 0, 0, 0, 0, 0, 0, 0, 0, 0, 0, 0, fwd, SPEED, ENGINEER_HALTEDENGINEER_SETUP, 0, 20, 15, 1
2026-08-06T17:50:43, 00:21:39, 1973, Nobody, log, 0, 67, 0, 0, 0, 0, 0, [], ERROR, 0, 0, 0, 0, 0, 0, 0, 0, 0, 0, 0, 0, 0, 0, 0, fwd, SPEED, ENGINEER_HALTEDENGINEER_SETUP, 0, 20, 15, 1
2026-08-06T17:50:44, 00:21:40, 1975, Nobody, log, 0, 67, 0, 0, 0, 0, 0, [], ERROR, 0, 0, 0, 0, 0, 0, 0, 0, 0, 0, 0, 0, 0, 0, 0, fwd, SPEED, ENGINEER_HALTEDENGINEER_SETUP, 0, 20, 15, 1
2026-08-06T17:50:45, 00:21:41, 1977, Nobody, log, 0, 67, 0, 0, 0, 0, 0, [], ERROR, 0, 0, 0, 0, 0, 0, 0, 0, 0, 0, 0, 0, 0, 0, 0, fwd, SPEED, ENGINEER_HALTEDENGINEER_SETUP, 0, 20, 15, 1
2026-08-06T17:50:46, 00:21:42, 1979, Nobody, log, 0, 67, 0, 0, 0, 0, 0, [], ERROR, 0, 0, 0, 0, 0, 0, 0, 0, 0, 0, 0, 0, 0, 0, 0, fwd, SPEED, ENGINEER_HALTEDENGINEER_SETUP, 0, 20, 15, 1
2026-08-06T17:50:47, 00:21:43, 1981, Nobody, log, 0, 67, 0, 0, 0, 0, 0, [], ERROR, 0, 0, 0, 0, 0, 0, 0, 0, 0, 0, 0, 0, 0, 0, 0, fwd, SPEED, ENGINEER_HALTEDENGINEER_SETUP, 0, 20, 15, 1
2026-08-06T17:50:48, 00:21:44, 1982, Nobody, log, 0, 67, 0, 0, 0, 0, 0, [], ERROR, 0, 0, 0, 0, 0, 0, 0, 0, 0, 0, 0, 0, 0, 0, 0, fwd, SPEED, ENGINEER_HALTEDENGINEER_SETUP, 0, 20, 15, 1
2026-08-06T17:50:49, 00:21:45, 1982, Nobody, log, 0, 67, 0, 0, 0, 0, 0, [], ERROR, 0, 0, 0, 0, 0, 0, 0, 0, 0, 0, 0, 0, 0, 0, 0, fwd, SPEED, ENGINEER_HALTEDENGINEER_SETUP, 0, 20, 15, 1
2026-08-06T17:50:50, 00:21:46, 1982, Nobody, log, 0, 67, 0, 0, 0, 0, 0, [], ERROR, 0, 0, 0, 0, 0, 0, 0, 0, 0, 0, 0, 0, 0, 0, 0, fwd, SPEED, ENGINEER_HALTEDENGINEER_SETUP, 0, 20, 15, 1
2026-08-06T17:50:51, 00:21:47, 1984, Nobody, log, 0, 67, 0, 0, 0, 0, 0, [], ERROR, 0, 0, 0, 0, 0, 0, 0, 0, 0, 0, 0, 0, 0, 0, 0, fwd, SPEED, ENGINEER_HALTEDENGINEER_SETUP, 0, 20, 15, 1
2026-08-06T17:50:52, 00:21:48, 1986, Nobody, log, 0, 67, 0, 0, 0, 0, 0, [], ERROR, 0, 0, 0, 0, 0, 0, 0, 0, 0, 0, 0, 0, 0, 0, 0, fwd, SPEED, ENGINEER_HALTEDENGINEER_SETUP, 0, 20, 15, 1
2026-08-06T17:50:53, 00:21:49, 1988, Nobody, log, 0, 67, 0, 0, 0, 0, 0, [], ERROR, 0, 0, 0, 0, 0, 0, 0, 0, 0, 0, 0, 0, 0, 0, 0, fwd, SPEED, ENGINEER_HALTEDENGINEER_SETUP, 0, 20, 15, 1
2026-08-06T17:50:54, 00:21:50, 1990, Nobody, log, 0, 67, 0, 0, 0, 0, 0, [], ERROR, 0, 0, 0, 0, 0, 0, 0, 0, 0, 0, 0, 0, 0, 0, 0, fwd, SPEED, ENGINEER_HALTEDENGINEER_SETUP, 0, 20, 15, 1
2026-08-06T17:50:55, 00:21:51, 1992, Nobody, log, 0, 67, 0, 0, 0, 0, 0, [], ERROR, 0, 0, 0, 0, 0, 0, 0, 0, 0, 0, 0, 0, 0, 0, 0, fwd, SPEED, ENGINEER_HALTEDENGINEER_SETUP, 0, 20, 15, 1
2026-08-06T17:50:56, 00:21:52, 1994, Nobody, log, 0, 67, 0, 0, 0, 0, 0, [], ERROR, 0, 0, 0, 0, 0, 0, 0, 0, 0, 0, 0, 0, 0, 0, 0, fwd, SPEED, ENGINEER_HALTEDENGINEER_SETUP, 0, 20, 15, 1
2026-08-06T17:50:57, 00:21:53, 1996, Nobody, log, 0, 67, 0, 0, 0, 0, 0, [], ERROR, 0, 0, 0, 0, 0, 0, 0, 0, 0, 0, 0, 0, 0, 0, 0, fwd, SPEED, ENGINEER_HALTEDENGINEER_SETUP, 0, 20, 15, 1
2026-08-06T17:50:58, 00:21:54, 1998, Nobody, log, 0, 67, 0, 0, 0, 0, 0, [], ERROR, 0, 0, 0, 0, 0, 0, 0, 0, 0, 0, 0, 0, 0, 0, 0, fwd, SPEED, ENGINEER_HALTEDENGINEER_SETUP, 0, 20, 15, 1
2026-08-06T17:50:59, 00:21:55, 2000, Nobody, log, 0, 67, 0, 0, 0, 0, 0, [], ERROR, 0, 0, 0, 0, 0, 0, 0, 0, 0, 0, 0, 0, 0, 0, 0, fwd, SPEED, ENGINEER_HALTEDENGINEER_SETUP, 0, 20, 15, 1
2026-08-06T17:51:00, 00:21:56, 2002, Nobody, log, 0, 67, 0, 0, 0, 0, 0, [], ERROR, 0, 0, 0, 0, 0, 0, 0, 0, 0, 0, 0, 0, 0, 0, 0, fwd, SPEED, ENGINEER_HALTEDENGINEER_SETUP, 0, 20, 15, 1
2026-08-06T17:51:01, 00:21:57, 2004, Nobody, log, 0, 67, 0, 0, 0, 0, 0, [], ERROR, 0, 0, 0, 0, 0, 0, 0, 0, 0, 0, 0, 0, 0, 0, 0, fwd, SPEED, ENGINEER_HALTEDENGINEER_SETUP, 0, 20, 15, 1
2026-08-06T17:51:02, 00:21:58, 2005, Nobody, log, 0, 67, 0, 0, 0, 0, 0, [], ERROR, 0, 0, 0, 0, 0, 0, 0, 0, 0, 0, 0, 0, 0, 0, 0, fwd, SPEED, ENGINEER_HALTEDENGINEER_SETUP, 0, 20, 15, 1
2026-08-06T17:51:03, 00:21:59, 2007, Nobody, log, 0, 67, 0, 0, 0, 0, 0, [], ERROR, 0, 0, 0, 0, 0, 0, 0, 0, 0, 0, 0, 0, 0, 0, 0, fwd, SPEED, ENGINEER_HALTEDENGINEER_SETUP, 0, 20, 15, 1
2026-08-06T17:51:04, 00:22:00, 2009, Nobody, log, 0, 67, 0, 0, 0, 0, 0, [], ERROR, 0, 0, 0, 0, 0, 0, 0, 0, 0, 0, 0, 0, 0, 0, 0, fwd, SPEED, ENGINEER_HALTEDENGINEER_SETUP, 0, 20, 15, 1
2026-08-06T17:51:05, 00:22:01, 2011, Nobody, log, 0, 67, 0, 0, 0, 0, 0, [], ERROR, 0, 0, 0, 0, 0, 0, 0, 0, 0, 0, 0, 0, 0, 0, 0, fwd, SPEED, ENGINEER_HALTEDENGINEER_SETUP, 0, 20, 15, 1
2026-08-06T17:51:06, 00:22:02, 2013, Nobody, log, 0, 67, 0, 0, 0, 0, 0, [], ERROR, 0, 0, 0, 0, 0, 0, 0, 0, 0, 0, 0, 0, 0, 0, 0, fwd, SPEED, ENGINEER_HALTEDENGINEER_SETUP, 0, 20, 15, 1
2026-08-06T17:51:07, 00:22:03, 2015, Nobody, log, 0, 67, 0, 0, 0, 0, 0, [], ERROR, 0, 0, 0, 0, 0, 0, 0, 0, 0, 0, 0, 0, 0, 0, 0, fwd, SPEED, ENGINEER_HALTEDENGINEER_SETUP, 0, 20, 15, 1
2026-08-06T17:51:08, 00:22:04, 2017, Nobody, log, 0, 67, 0, 0, 0, 0, 0, [], ERROR, 0, 0, 0, 0, 0, 0, 0, 0, 0, 0, 0, 0, 0, 0, 0, fwd, SPEED, ENGINEER_HALTEDENGINEER_SETUP, 0, 20, 15, 1
2026-08-06T17:51:09, 00:22:05, 2018, Nobody, log, 0, 67, 0, 0, 0, 0, 0, [], ERROR, 0, 0, 0, 0, 0, 0, 0, 0, 0, 0, 0, 0, 0, 0, 0, fwd, SPEED, ENGINEER_HALTEDENGINEER_SETUP, 0, 20, 15, 1
2026-08-06T17:51:10, 00:22:06, 2019, Nobody, log, 0, 67, 0, 0, 0, 0, 0, [], ERROR, 0, 0, 0, 0, 0, 0, 0, 0, 0, 0, 0, 0, 0, 0, 0, fwd, SPEED, ENGINEER_HALTEDENGINEER_SETUP, 0, 20, 15, 1
2026-08-06T17:51:11, 00:22:07, 2020, Nobody, log, 0, 67, 0, 0, 0, 0, 0, [], ERROR, 0, 0, 0, 0, 0, 0, 0, 0, 0, 0, 0, 0, 0, 0, 0, fwd, SPEED, ENGINEER_HALTEDENGINEER_SETUP, 0, 20, 15, 1
2026-08-06T17:51:12, 00:22:08, 2022, Nobody, log, 0, 67, 0, 0, 0, 0, 0, [], ERROR, 0, 0, 0, 0, 0, 0, 0, 0, 0, 0, 0, 0, 0, 0, 0, fwd, SPEED, ENGINEER_HALTEDENGINEER_SETUP, 0, 20, 15, 1
2026-08-06T17:51:13, 00:22:09, 2023, Nobody, log, 0, 67, 0, 0, 0, 0, 0, [], ERROR, 0, 0, 0, 0, 0, 0, 0, 0, 0, 0, 0, 0, 0, 0, 0, fwd, SPEED, ENGINEER_HALTEDENGINEER_SETUP, 0, 20, 15, 1
2026-08-06T17:51:14, 00:22:10, 2025, Nobody, log, 0, 67, 0, 0, 0, 0, 0, [], ERROR, 0, 0, 0, 0, 0, 0, 0, 0, 0, 0, 0, 0, 0, 0, 0, fwd, SPEED, ENGINEER_HALTEDENGINEER_SETUP, 0, 20, 15, 1
2026-08-06T17:51:15, 00:22:11, 2027, Nobody, log, 0, 67, 0, 0, 0, 0, 0, [], ERROR, 0, 0, 0, 0, 0, 0, 0, 0, 0, 0, 0, 0, 0, 0, 0, fwd, SPEED, ENGINEER_HALTEDENGINEER_SETUP, 0, 20, 15, 1
2026-08-06T17:51:16, 00:22:12, 2029, Nobody, log, 0, 67, 0, 0, 0, 0, 0, [], ERROR, 0, 0, 0, 0, 0, 0, 0, 0, 0, 0, 0, 0, 0, 0, 0, fwd, SPEED, ENGINEER_HALTEDENGINEER_SETUP, 0, 20, 15, 1
2026-08-06T17:51:17, 00:22:14, 2031, Nobody, log, 0, 67, 0, 0, 0, 0, 0, [], ERROR, 0, 0, 0, 0, 0, 0, 0, 0, 0, 0, 0, 0, 0, 0, 0, fwd, SPEED, ENGINEER_HALTEDENGINEER_SETUP, 0, 20, 15, 1
2026-08-06T17:51:19, 00:22:15, 2033, Nobody, log, 0, 67, 0, 0, 0, 0, 0, [], ERROR, 0, 0, 0, 0, 0, 0, 0, 0, 0, 0, 0, 0, 0, 0, 0, fwd, SPEED, ENGINEER_HALTEDENGINEER_SETUP, 0, 20, 15, 1
2026-08-06T17:51:20, 00:22:16, 2034, Nobody, log, 0, 67, 0, 0, 0, 0, 0, [], ERROR, 0, 0, 0, 0, 0, 0, 0, 0, 0, 0, 0, 0, 0, 0, 0, fwd, SPEED, ENGINEER_HALTEDENGINEER_SETUP, 0, 20, 15, 1
2026-08-06T17:51:21, 00:22:17, 2035, �, log, 0, 67, 0, 0, 0, 0, 0, [], ERROR, 0, 0, 0, 0, 0, 0, 0, 0, 0, 0, 0, 0, 0, 0, 0, fwd, SPEED, DRIVER_BACKGROUND, 0, 20, 15, 1
2026-08-06T17:51:22, 00:22:18, 2037, �, log, 0, 67, 0, 0, 0, 0, 0, [], ERROR, 0, 0, 0, 0, 0, 0, 0, 0, 0, 0, 0, 0, 0, 0, 0, fwd, SPEED, DRIVER_RUNNING, 0, 20, 15, 1
2026-08-06T17:51:23, 00:22:19, 2039, �, log, 0, 67, 0, 0, 0, 0, 0, [], ERROR, 0, 0, 0, 0, 0, 0, 0, 0, 0, 0, 0, 0, 0, 0, 0, fwd, SPEED, DRIVER_RUNNING, 0, 20, 15, 1
2026-08-06T17:51:24, 00:22:20, 2041, �, log, 0, 67, 0, 0, 0, 0, 0, [], ERROR, 0, 0, 0, 0, 0, 0, 0, 0, 0, 0, 0, 0, 0, 0, 0, fwd, SPEED, DRIVER_RUNNING, 0, 20, 15, 1
2026-08-06T17:51:25, 00:22:21, 2043, �, log, 0, 67, 0, 0, 0, 0, 0, [], ERROR, 0, 0, 0, 0, 0, 0, 0, 0, 0, 0, 0, 0, 0, 0, 0, fwd, SPEED, DRIVER_RUNNING, 0, 20, 15, 1
2026-08-06T17:51:26, 00:22:22, 2045, �, log, 0, 67, 0, 0, 0, 0, 0, [], ERROR, 0, 0, 0, 0, 0, 0, 0, 0, 0, 0, 0, 0, 0, 0, 0, fwd, SPEED, DRIVER_RUNNING, 0, 20, 15, 1
2026-08-06T17:51:27, 00:22:23, 2045, �, log, 0, 67, 0, 0, 0, 0, 0, [], ERROR, 0, 0, 0, 0, 0, 0, 0, 0, 0, 0, 0, 0, 0, 0, 0, fwd, SPEED, DRIVER_RUNNING, 0, 20, 15, 1
2026-08-06T17:51:28, 00:22:24, 2047, �, log, 0, 67, 0, 0, 0, 0, 0, [], ERROR, 0, 0, 0, 0, 0, 0, 0, 0, 0, 0, 0, 0, 0, 0, 0, fwd, SPEED, DRIVER_RUNNING, 0, 20, 15, 1
2026-08-06T17:51:29, 00:22:25, 2049, �, log, 0, 67, 0, 0, 0, 0, 0, [], ERROR, 0, 0, 0, 0, 0, 0, 0, 0, 0, 0, 0, 0, 0, 0, 0, fwd, SPEED, DRIVER_RUNNING, 0, 20, 15, 1
2026-08-06T17:51:30, 00:22:26, 2050, �, log, 0, 67, 0, 0, 0, 0, 0, [], ERROR, 0, 0, 0, 0, 0, 0, 0, 0, 0, 0, 0, 0, 0, 0, 0, fwd, SPEED, DRIVER_RUNNING, 0, 20, 15, 1
2026-08-06T17:51:31, 00:22:27, 2051, �, log, 0, 67, 0, 0, 0, 0, 0, [], ERROR, 0, 0, 0, 0, 0, 0, 0, 0, 0, 0, 0, 0, 0, 0, 0, fwd, SPEED, DRIVER_RUNNING, 0, 20, 15, 1
2026-08-06T17:51:32, 00:22:28, 2053, �, log, 0, 67, 0, 0, 0, 0, 0, [], ERROR, 0, 0, 0, 0, 0, 0, 0, 0, 0, 0, 0, 0, 0, 0, 0, fwd, SPEED, DRIVER_RUNNING, 0, 20, 15, 1
2026-08-06T17:51:33, 00:22:29, 2054, �, log, 0, 67, 0, 0, 0, 0, 0, [], ERROR, 0, 0, 0, 0, 0, 0, 0, 0, 0, 0, 0, 0, 0, 0, 0, fwd, SPEED, DRIVER_RUNNING, 0, 20, 15, 1
2026-08-06T17:51:34, 00:22:30, 2056, �, log, 0, 67, 0, 0, 0, 0, 0, [], ERROR, 0, 0, 0, 0, 0, 0, 0, 0, 0, 0, 0, 0, 0, 0, 0, fwd, SPEED, DRIVER_RUNNING, 0, 20, 15, 1
2026-08-06T17:51:35, 00:22:31, 2055, �, log, 0, 67, 0, 0, 0, 0, 0, [], ERROR, 0, 0, 0, 0, 0, 0, 0, 0, 0, 0, 0, 0, 0, 0, 0, fwd, SPEED, DRIVER_RUNNING, 0, 20, 15, 1
2026-08-06T17:51:36, 00:22:32, 2056, �, log, 0, 67, 0, 0, 0, 0, 0, [], ERROR, 0, 0, 0, 0, 0, 0, 0, 0, 0, 0, 0, 0, 0, 0, 0, fwd, SPEED, DRIVER_RUNNING, 0, 20, 15, 1
2026-08-06T17:51:37, 00:22:33, 2059, �, log, 0, 67, 0, 0, 0, 0, 0, [], ERROR, 0, 0, 0, 0, 0, 0, 0, 0, 0, 0, 0, 0, 0, 0, 0, fwd, SPEED, DRIVER_RUNNING, 0, 20, 15, 1
2026-08-06T17:51:38, 00:22:34, 2060, �, log, 0, 67, 0, 0, 0, 0, 0, [], ERROR, 0, 0, 0, 0, 0, 0, 0, 0, 0, 0, 0, 0, 0, 0, 0, fwd, SPEED, DRIVER_RUNNING, 0, 20, 15, 1
2026-08-06T17:51:39, 00:22:35, 2062, �, log, 0, 67, 0, 0, 0, 0, 0, [], ERROR, 0, 0, 0, 0, 0, 0, 0, 0, 0, 0, 0, 0, 0, 0, 0, fwd, SPEED, DRIVER_RUNNING, 0, 20, 15, 1
2026-08-06T17:51:40, 00:22:36, 2064, �, log, 0, 67, 0, 0, 0, 0, 0, [], ERROR, 0, 0, 0, 0, 0, 0, 0, 0, 0, 0, 0, 0, 0, 0, 0, fwd, SPEED, DRIVER_RUNNING, 0, 20, 15, 1
2026-08-06T17:51:41, 00:22:37, 2066, �, log, 0, 67, 0, 0, 0, 0, 0, [], ERROR, 0, 0, 0, 0, 0, 0, 0, 0, 0, 0, 0, 0, 0, 0, 0, fwd, SPEED, DRIVER_RUNNING, 0, 20, 15, 1
2026-08-06T17:51:42, 00:22:38, 2067, �, log, 0, 67, 0, 0, 0, 0, 0, [], ERROR, 0, 0, 0, 0, 0, 0, 0, 0, 0, 0, 0, 0, 0, 0, 0, fwd, SPEED, DRIVER_RUNNING, 0, 20, 15, 1
2026-08-06T17:51:43, 00:22:39, 2069, �, log, 0, 67, 0, 0, 0, 0, 0, [], ERROR, 0, 0, 0, 0, 0, 0, 0, 0, 0, 0, 0, 0, 0, 0, 0, fwd, SPEED, DRIVER_RUNNING, 0, 20, 15, 1
2026-08-06T17:51:44, 00:22:40, 2071, �, log, 0, 67, 0, 0, 0, 0, 0, [], ERROR, 0, 0, 0, 0, 0, 0, 0, 0, 0, 0, 0, 0, 0, 0, 0, fwd, SPEED, DRIVER_RUNNING, 0, 20, 15, 1
2026-08-06T17:51:45, 00:22:41, 2071, �, log, 0, 67, 0, 0, 0, 0, 0, [], ERROR, 0, 0, 0, 0, 0, 0, 0, 0, 0, 0, 0, 0, 0, 0, 0, fwd, SPEED, DRIVER_RUNNING, 0, 20, 15, 1
2026-08-06T17:51:46, 00:22:42, 2074, �, log, 0, 67, 0, 0, 0, 0, 0, [], ERROR, 0, 0, 0, 0, 0, 0, 0, 0, 0, 0, 0, 0, 0, 0, 0, fwd, SPEED, DRIVER_RUNNING, 0, 20, 15, 1
2026-08-06T17:51:47, 00:22:43, 2076, �, log, 0, 67, 0, 0, 0, 0, 0, [], ERROR, 0, 0, 0, 0, 0, 0, 0, 0, 0, 0, 0, 0, 0, 0, 0, fwd, SPEED, DRIVER_RUNNING, 0, 20, 15, 1
2026-08-06T17:51:48, 00:22:44, 2078, �, log, 0, 67, 0, 0, 0, 0, 0, [], ERROR, 0, 0, 0, 0, 0, 0, 0, 0, 0, 0, 0, 0, 0, 0, 0, fwd, SPEED, DRIVER_RUNNING, 0, 20, 15, 1
2026-08-06T17:51:49, 00:22:45, 2079, �, log, 0, 67, 0, 0, 0, 0, 0, [], ERROR, 0, 0, 0, 0, 0, 0, 0, 0, 0, 0, 0, 0, 0, 0, 0, fwd, SPEED, DRIVER_RUNNING, 0, 20, 15, 1
2026-08-06T17:51:50, 00:22:46, 2080, �, log, 0, 67, 0, 0, 0, 0, 0, [], ERROR, 0, 0, 0, 0, 0, 0, 0, 0, 0, 0, 0, 0, 0, 0, 0, fwd, SPEED, DRIVER_RUNNING, 0, 20, 15, 1
2026-08-06T17:51:51, 00:22:47, 2082, �, log, 0, 67, 0, 0, 0, 0, 0, [], ERROR, 0, 0, 0, 0, 0, 0, 0, 0, 0, 0, 0, 0, 0, 0, 0, fwd, SPEED, DRIVER_RUNNING, 0, 20, 15, 1
2026-08-06T17:51:52, 00:22:48, 2084, �, log, 0, 67, 0, 0, 0, 0, 0, [], ERROR, 0, 0, 0, 0, 0, 0, 0, 0, 0, 0, 0, 0, 0, 0, 0, fwd, SPEED, DRIVER_RUNNING, 0, 20, 15, 1
2026-08-06T17:51:53, 00:22:49, 2086, �, log, 0, 67, 0, 0, 0, 0, 0, [], ERROR, 0, 0, 0, 0, 0, 0, 0, 0, 0, 0, 0, 0, 0, 0, 0, fwd, SPEED, DRIVER_RUNNING, 0, 20, 15, 1
2026-08-06T17:51:54, 00:22:50, 2088, �, log, 0, 67, 0, 0, 0, 0, 0, [], ERROR, 0, 0, 0, 0, 0, 0, 0, 0, 0, 0, 0, 0, 0, 0, 0, fwd, SPEED, DRIVER_RUNNING, 0, 20, 15, 1
2026-08-06T17:51:55, 00:22:51, 2088, �, log, 0, 67, 0, 0, 0, 0, 0, [], ERROR, 0, 0, 0, 0, 0, 0, 0, 0, 0, 0, 0, 0, 0, 0, 0, fwd, SPEED, DRIVER_RUNNING, 0, 20, 15, 1
2026-08-06T17:51:56, 00:22:52, 2089, �, log, 0, 67, 0, 0, 0, 0, 0, [], ERROR, 0, 0, 0, 0, 0, 0, 0, 0, 0, 0, 0, 0, 0, 0, 0, fwd, SPEED, DRIVER_RUNNING, 0, 20, 15, 1
2026-08-06T17:51:57, 00:22:53, 2089, �, log, 0, 67, 0, 0, 0, 0, 0, [], ERROR, 0, 0, 0, 0, 0, 0, 0, 0, 0, 0, 0, 0, 0, 0, 0, fwd, SPEED, DRIVER_RUNNING, 0, 20, 15, 1
2026-08-06T17:51:58, 00:22:54, 2091, �, log, 0, 67, 0, 0, 0, 0, 0, [], ERROR, 0, 0, 0, 0, 0, 0, 0, 0, 0, 0, 0, 0, 0, 0, 0, fwd, SPEED, DRIVER_RUNNING, 0, 20, 15, 1
2026-08-06T17:51:59, 00:22:55, 2093, �, log, 0, 67, 0, 0, 0, 0, 0, [], ERROR, 0, 0, 0, 0, 0, 0, 0, 0, 0, 0, 0, 0, 0, 0, 0, fwd, SPEED, DRIVER_RUNNING, 0, 20, 15, 1
2026-08-06T17:52:00, 00:22:56, 2095, �, log, 0, 67, 0, 0, 0, 0, 0, [], ERROR, 0, 0, 0, 0, 0, 0, 0, 0, 0, 0, 0, 0, 0, 0, 0, fwd, SPEED, DRIVER_RUNNING, 0, 20, 15, 1
2026-08-06T17:52:01, 00:22:57, 2097, �, log, 0, 67, 0, 0, 0, 0, 0, [], ERROR, 0, 0, 0, 0, 0, 0, 0, 0, 0, 0, 0, 0, 0, 0, 0, fwd, SPEED, DRIVER_RUNNING, 0, 20, 15, 1
2026-08-06T17:52:02, 00:22:58, 2096, �, log, 0, 67, 0, 0, 0, 0, 0, [], ERROR, 0, 0, 0, 0, 0, 0, 0, 0, 0, 0, 0, 0, 0, 0, 0, fwd, SPEED, DRIVER_RUNNING, 0, 20, 15, 1
2026-08-06T17:52:03, 00:22:59, 2098, �, log, 0, 67, 0, 0, 0, 0, 0, [], ERROR, 0, 0, 0, 0, 0, 0, 0, 0, 0, 0, 0, 0, 0, 0, 0, fwd, SPEED, DRIVER_RUNNING, 0, 20, 15, 1
2026-08-06T17:52:04, 00:23:00, 2100, �, log, 0, 67, 0, 0, 0, 0, 0, [], ERROR, 0, 0, 0, 0, 0, 0, 0, 0, 0, 0, 0, 0, 0, 0, 0, fwd, SPEED, DRIVER_RUNNING, 0, 20, 15, 1
2026-08-06T17:52:05, 00:23:01, 2102, �, log, 0, 67, 0, 0, 0, 0, 0, [], ERROR, 0, 0, 0, 0, 0, 0, 0, 0, 0, 0, 0, 0, 0, 0, 0, fwd, SPEED, DRIVER_RUNNING, 0, 20, 15, 1
2026-08-06T17:52:06, 00:23:02, 2103, �, log, 0, 67, 0, 0, 0, 0, 0, [], ERROR, 0, 0, 0, 0, 0, 0, 0, 0, 0, 0, 0, 0, 0, 0, 0, fwd, SPEED, DRIVER_RUNNING, 0, 20, 15, 1
2026-08-06T17:52:07, 00:23:03, 2105, �, log, 0, 67, 0, 0, 0, 0, 0, [], ERROR, 0, 0, 0, 0, 0, 0, 0, 0, 0, 0, 0, 0, 0, 0, 0, fwd, SPEED, DRIVER_RUNNING, 0, 20, 15, 1
2026-08-06T17:52:08, 00:23:04, 2107, �, log, 0, 67, 0, 0, 0, 0, 0, [], ERROR, 0, 0, 0, 0, 0, 0, 0, 0, 0, 0, 0, 0, 0, 0, 0, fwd, SPEED, DRIVER_RUNNING, 0, 20, 15, 1
2026-08-06T17:52:09, 00:23:05, 2109, �, log, 0, 67, 0, 0, 0, 0, 0, [], ERROR, 0, 0, 0, 0, 0, 0, 0, 0, 0, 0, 0, 0, 0, 0, 0, fwd, SPEED, DRIVER_RUNNING, 0, 20, 15, 1
2026-08-06T17:52:10, 00:23:06, 2111, �, log, 0, 67, 0, 0, 0, 0, 0, [], ERROR, 0, 0, 0, 0, 0, 0, 0, 0, 0, 0, 0, 0, 0, 0, 0, fwd, SPEED, DRIVER_RUNNING, 0, 20, 15, 1
2026-08-06T17:52:11, 00:23:07, 2112, �, log, 0, 67, 0, 0, 0, 0, 0, [], ERROR, 0, 0, 0, 0, 0, 0, 0, 0, 0, 0, 0, 0, 0, 0, 0, fwd, SPEED, DRIVER_RUNNING, 0, 20, 15, 1
2026-08-06T17:52:12, 00:23:08, 2113, �, log, 0, 67, 0, 0, 0, 0, 0, [], ERROR, 0, 0, 0, 0, 0, 0, 0, 0, 0, 0, 0, 0, 0, 0, 0, fwd, SPEED, DRIVER_RUNNING, 0, 20, 15, 1
2026-08-06T17:52:13, 00:23:09, 2115, �, log, 0, 67, 0, 0, 0, 0, 0, [], ERROR, 0, 0, 0, 0, 0, 0, 0, 0, 0, 0, 0, 0, 0, 0, 0, fwd, SPEED, DRIVER_RUNNING, 0, 20, 15, 1
2026-08-06T17:52:14, 00:23:10, 2117, �, log, 0, 67, 0, 0, 0, 0, 0, [], ERROR, 0, 0, 0, 0, 0, 0, 0, 0, 0, 0, 0, 0, 0, 0, 0, fwd, SPEED, DRIVER_RUNNING, 0, 20, 15, 1
2026-08-06T17:52:15, 00:23:11, 2119, �, log, 0, 67, 0, 0, 0, 0, 0, [], ERROR, 0, 0, 0, 0, 0, 0, 0, 0, 0, 0, 0, 0, 0, 0, 0, fwd, SPEED, DRIVER_RUNNING, 0, 20, 15, 1
2026-08-06T17:52:16, 00:23:12, 2121, �, log, 0, 67, 0, 0, 0, 0, 0, [], ERROR, 0, 0, 0, 0, 0, 0, 0, 0, 0, 0, 0, 0, 0, 0, 0, fwd, SPEED, DRIVER_RUNNING, 0, 20, 15, 1
2026-08-06T17:52:18, 00:23:14, 2122, �, log, 0, 67, 0, 0, 0, 0, 0, [], ERROR, 0, 0, 0, 0, 0, 0, 0, 0, 0, 0, 0, 0, 0, 0, 0, fwd, SPEED, DRIVER_RUNNING, 0, 20, 15, 1
2026-08-06T17:52:19, 00:23:15, 2123, �, log, 0, 67, 0, 0, 0, 0, 0, [], ERROR, 0, 0, 0, 0, 0, 0, 0, 0, 0, 0, 0, 0, 0, 0, 0, fwd, SPEED, DRIVER_RUNNING, 0, 20, 15, 1
2026-08-06T17:52:20, 00:23:16, 2125, �, log, 0, 67, 0, 0, 0, 0, 0, [], ERROR, 0, 0, 0, 0, 0, 0, 0, 0, 0, 0, 0, 0, 0, 0, 0, fwd, SPEED, DRIVER_RUNNING, 0, 20, 15, 1
2026-08-06T17:52:21, 00:23:17, 2127, �, log, 0, 67, 0, 0, 0, 0, 0, [], ERROR, 0, 0, 0, 0, 0, 0, 0, 0, 0, 0, 0, 0, 0, 0, 0, fwd, SPEED, DRIVER_RUNNING, 0, 20, 15, 1
2026-08-06T17:52:22, 00:23:18, 2128, �, log, 0, 67, 0, 0, 0, 0, 0, [], ERROR, 0, 0, 0, 0, 0, 0, 0, 0, 0, 0, 0, 0, 0, 0, 0, fwd, SPEED, DRIVER_RUNNING, 0, 20, 15, 1
2026-08-06T17:52:23, 00:23:19, 2129, �, log, 0, 67, 0, 0, 0, 0, 0, [], ERROR, 0, 0, 0, 0, 0, 0, 0, 0, 0, 0, 0, 0, 0, 0, 0, fwd, SPEED, DRIVER_RUNNING, 0, 20, 15, 1
2026-08-06T17:52:24, 00:23:20, 2130, �, log, 0, 67, 0, 0, 0, 0, 0, [], ERROR, 0, 0, 0, 0, 0, 0, 0, 0, 0, 0, 0, 0, 0, 0, 0, fwd, SPEED, DRIVER_RUNNING, 0, 20, 15, 1
2026-08-06T17:52:25, 00:23:21, 2132, �, log, 0, 67, 0, 0, 0, 0, 0, [], ERROR, 0, 0, 0, 0, 0, 0, 0, 0, 0, 0, 0, 0, 0, 0, 0, fwd, SPEED, DRIVER_RUNNING, 0, 20, 15, 1
2026-08-06T17:52:26, 00:23:22, 2134, �, log, 0, 67, 0, 0, 0, 0, 0, [], ERROR, 0, 0, 0, 0, 0, 0, 0, 0, 0, 0, 0, 0, 0, 0, 0, fwd, SPEED, DRIVER_RUNNING, 0, 20, 15, 1
2026-08-06T17:52:27, 00:23:23, 2135, �, log, 0, 67, 0, 0, 0, 0, 0, [], ERROR, 0, 0, 0, 0, 0, 0, 0, 0, 0, 0, 0, 0, 0, 0, 0, fwd, SPEED, DRIVER_RUNNING, 0, 20, 15, 1
2026-08-06T17:52:28, 00:23:24, 2136, �, log, 0, 67, 0, 0, 0, 0, 0, [], ERROR, 0, 0, 0, 0, 0, 0, 0, 0, 0, 0, 0, 0, 0, 0, 0, fwd, SPEED, DRIVER_RUNNING, 0, 20, 15, 1
2026-08-06T17:52:29, 00:23:25, 2137, �, log, 0, 67, 0, 0, 0, 0, 0, [], ERROR, 0, 0, 0, 0, 0, 0, 0, 0, 0, 0, 0, 0, 0, 0, 0, fwd, SPEED, DRIVER_RUNNING, 0, 20, 15, 1
2026-08-06T17:52:30, 00:23:26, 2136, �, log, 0, 67, 0, 0, 0, 0, 0, [], ERROR, 0, 0, 0, 0, 0, 0, 0, 0, 0, 0, 0, 0, 0, 0, 0, fwd, SPEED, DRIVER_RUNNING, 0, 20, 15, 1
2026-08-06T17:52:31, 00:23:27, 2138, �, log, 0, 67, 0, 0, 0, 0, 0, [], ERROR, 0, 0, 0, 0, 0, 0, 0, 0, 0, 0, 0, 0, 0, 0, 0, fwd, SPEED, DRIVER_RUNNING, 0, 20, 15, 1
2026-08-06T17:52:32, 00:23:28, 2139, �, log, 0, 67, 0, 0, 0, 0, 0, [], ERROR, 0, 0, 0, 0, 0, 0, 0, 0, 0, 0, 0, 0, 0, 0, 0, fwd, SPEED, DRIVER_RUNNING, 0, 20, 15, 1
2026-08-06T17:52:33, 00:23:29, 2141, �, log, 0, 67, 0, 0, 0, 0, 0, [], ERROR, 0, 0, 0, 0, 0, 0, 0, 0, 0, 0, 0, 0, 0, 0, 0, fwd, SPEED, DRIVER_RUNNING, 0, 20, 15, 1
2026-08-06T17:52:34, 00:23:30, 2143, �, log, 0, 67, 0, 0, 0, 0, 0, [], ERROR, 0, 0, 0, 0, 0, 0, 0, 0, 0, 0, 0, 0, 0, 0, 0, fwd, SPEED, DRIVER_RUNNING, 0, 20, 15, 1
2026-08-06T17:52:35, 00:23:31, 2145, �, log, 0, 67, 0, 0, 0, 0, 0, [], ERROR, 0, 0, 0, 0, 0, 0, 0, 0, 0, 0, 0, 0, 0, 0, 0, fwd, SPEED, DRIVER_RUNNING, 0, 20, 15, 1
2026-08-06T17:52:36, 00:23:32, 2147, �, log, 0, 67, 0, 0, 0, 0, 0, [], ERROR, 0, 0, 0, 0, 0, 0, 0, 0, 0, 0, 0, 0, 0, 0, 0, fwd, SPEED, DRIVER_RUNNING, 0, 20, 15, 1
2026-08-06T17:52:37, 00:23:33, 2148, �, log, 0, 67, 0, 0, 0, 0, 0, [], ERROR, 0, 0, 0, 0, 0, 0, 0, 0, 0, 0, 0, 0, 0, 0, 0, fwd, SPEED, DRIVER_RUNNING, 0, 20, 15, 1
2026-08-06T17:52:38, 00:23:34, 2149, �, log, 0, 67, 0, 0, 0, 0, 0, [], ERROR, 0, 0, 0, 0, 0, 0, 0, 0, 0, 0, 0, 0, 0, 0, 0, fwd, SPEED, DRIVER_RUNNING, 0, 20, 15, 1
2026-08-06T17:52:39, 00:23:35, 2151, �, log, 0, 67, 0, 0, 0, 0, 0, [], ERROR, 0, 0, 0, 0, 0, 0, 0, 0, 0, 0, 0, 0, 0, 0, 0, fwd, SPEED, DRIVER_RUNNING, 0, 20, 15, 1
2026-08-06T17:52:40, 00:23:36, 2150, �, log, 0, 67, 0, 0, 0, 0, 0, [], ERROR, 0, 0, 0, 0, 0, 0, 0, 0, 0, 0, 0, 0, 0, 0, 0, fwd, SPEED, DRIVER_RUNNING, 0, 20, 15, 1
2026-08-06T17:52:41, 00:23:37, 2152, �, log, 0, 67, 0, 0, 0, 0, 0, [], ERROR, 0, 0, 0, 0, 0, 0, 0, 0, 0, 0, 0, 0, 0, 0, 0, fwd, SPEED, DRIVER_RUNNING, 0, 20, 15, 1
2026-08-06T17:52:42, 00:23:38, 2153, �, log, 0, 67, 0, 0, 0, 0, 0, [], ERROR, 0, 0, 0, 0, 0, 0, 0, 0, 0, 0, 0, 0, 0, 0, 0, fwd, SPEED, DRIVER_RUNNING, 0, 20, 15, 1
2026-08-06T17:52:43, 00:23:39, 2154, �, log, 0, 67, 0, 0, 0, 0, 0, [], ERROR, 0, 0, 0, 0, 0, 0, 0, 0, 0, 0, 0, 0, 0, 0, 0, fwd, SPEED, DRIVER_RUNNING, 0, 20, 15, 1
2026-08-06T17:52:44, 00:23:40, 2156, �, log, 0, 67, 0, 0, 0, 0, 0, [], ERROR, 0, 0, 0, 0, 0, 0, 0, 0, 0, 0, 0, 0, 0, 0, 0, fwd, SPEED, DRIVER_RUNNING, 0, 20, 15, 1
2026-08-06T17:52:45, 00:23:41, 2158, �, log, 0, 67, 0, 0, 0, 0, 0, [], ERROR, 0, 0, 0, 0, 0, 0, 0, 0, 0, 0, 0, 0, 0, 0, 0, fwd, SPEED, DRIVER_RUNNING, 0, 20, 15, 1
2026-08-06T17:52:46, 00:23:42, 2160, �, log, 0, 67, 0, 0, 0, 0, 0, [], ERROR, 0, 0, 0, 0, 0, 0, 0, 0, 0, 0, 0, 0, 0, 0, 0, fwd, SPEED, DRIVER_RUNNING, 0, 20, 15, 1
2026-08-06T17:52:47, 00:23:43, 2162, �, log, 0, 67, 0, 0, 0, 0, 0, [], ERROR, 0, 0, 0, 0, 0, 0, 0, 0, 0, 0, 0, 0, 0, 0, 0, fwd, SPEED, DRIVER_RUNNING, 0, 20, 15, 1
2026-08-06T17:52:48, 00:23:44, 2163, �, log, 0, 67, 0, 0, 0, 0, 0, [], ERROR, 0, 0, 0, 0, 0, 0, 0, 0, 0, 0, 0, 0, 0, 0, 0, fwd, SPEED, DRIVER_RUNNING, 0, 20, 15, 1
2026-08-06T17:52:49, 00:23:45, 2164, �, log, 0, 67, 0, 0, 0, 0, 0, [], ERROR, 0, 0, 0, 0, 0, 0, 0, 0, 0, 0, 0, 0, 0, 0, 0, fwd, SPEED, DRIVER_RUNNING, 0, 20, 15, 1
2026-08-06T17:52:50, 00:23:46, 2166, �, log, 0, 67, 0, 0, 0, 0, 0, [], ERROR, 0, 0, 0, 0, 0, 0, 0, 0, 0, 0, 0, 0, 0, 0, 0, fwd, SPEED, DRIVER_RUNNING, 0, 20, 15, 1
2026-08-06T17:52:51, 00:23:47, 2168, �, log, 0, 67, 0, 0, 0, 0, 0, [], ERROR, 0, 0, 0, 0, 0, 0, 0, 0, 0, 0, 0, 0, 0, 0, 0, fwd, SPEED, DRIVER_RUNNING, 0, 20, 15, 1
2026-08-06T17:52:52, 00:23:48, 2170, �, log, 0, 67, 0, 0, 0, 0, 0, [], ERROR, 0, 0, 0, 0, 0, 0, 0, 0, 0, 0, 0, 0, 0, 0, 0, fwd, SPEED, DRIVER_RUNNING, 0, 20, 15, 1
2026-08-06T17:52:53, 00:23:49, 2171, �, log, 0, 67, 0, 0, 0, 0, 0, [], ERROR, 0, 0, 0, 0, 0, 0, 0, 0, 0, 0, 0, 0, 0, 0, 0, fwd, SPEED, DRIVER_RUNNING, 0, 20, 15, 1
2026-08-06T17:52:54, 00:23:50, 2173, �, log, 0, 67, 0, 0, 0, 0, 0, [], ERROR, 0, 0, 0, 0, 0, 0, 0, 0, 0, 0, 0, 0, 0, 0, 0, fwd, SPEED, DRIVER_RUNNING, 0, 20, 15, 1
2026-08-06T17:52:55, 00:23:51, 2175, �, log, 0, 67, 0, 0, 0, 0, 0, [], ERROR, 0, 0, 0, 0, 0, 0, 0, 0, 0, 0, 0, 0, 0, 0, 0, fwd, SPEED, DRIVER_RUNNING, 0, 20, 15, 1
2026-08-06T17:52:56, 00:23:52, 2176, �, log, 0, 67, 0, 0, 0, 0, 0, [], ERROR, 0, 0, 0, 0, 0, 0, 0, 0, 0, 0, 0, 0, 0, 0, 0, fwd, SPEED, DRIVER_RUNNING, 0, 20, 15, 1
2026-08-06T17:52:57, 00:23:53, 2175, �, log, 0, 67, 0, 0, 0, 0, 0, [], ERROR, 0, 0, 0, 0, 0, 0, 0, 0, 0, 0, 0, 0, 0, 0, 0, fwd, SPEED, DRIVER_RUNNING, 0, 20, 15, 1
2026-08-06T17:52:58, 00:23:54, 2176, �, log, 0, 67, 0, 0, 0, 0, 0, [], ERROR, 0, 0, 0, 0, 0, 0, 0, 0, 0, 0, 0, 0, 0, 0, 0, fwd, SPEED, DRIVER_RUNNING, 0, 20, 15, 1, 